file,class,type,cbo,cboModified,fanin,fanout,wmc,dit,noc,rfc,lcom,lcom*,tcc,lcc,totalMethodsQty,staticMethodsQty,publicMethodsQty,privateMethodsQty,protectedMethodsQty,defaultMethodsQty,visibleMethodsQty,abstractMethodsQty,finalMethodsQty,synchronizedMethodsQty,totalFieldsQty,staticFieldsQty,publicFieldsQty,privateFieldsQty,protectedFieldsQty,defaultFieldsQty,finalFieldsQty,synchronizedFieldsQty,nosi,loc,returnQty,loopQty,comparisonsQty,tryCatchQty,parenthesizedExpsQty,stringLiteralsQty,numbersQty,assignmentsQty,mathOperationsQty,variablesQty,maxNestedBlocksQty,anonymousClassesQty,innerClassesQty,lambdasQty,uniqueWordsQty,modifiers,logStatementsQty
/home/alison/jsoup-quality-analysis/work/jsoup/src/main/java/org/jsoup/nodes/Document.java,org.jsoup.nodes.Document$QuirksMode,enum,0,0,0,0,0,1,0,0,0,0.0,-1.0,-1.0,0,0,0,0,0,0,0,0,0,0,0,0,0,0,0,0,0,0,0,1,0,0,0,0,0,0,0,0,0,0,0,0,0,0,4,1,0
/home/alison/jsoup-quality-analysis/work/jsoup/src/main/java/org/jsoup/helper/DataUtil.java,org.jsoup.helper.DataUtil,class,22,25,3,22,77,1,0,75,206,0.93877554,0.0,0.0,21,20,8,5,0,8,16,0,0,0,7,7,1,4,0,2,7,0,37,229,29,3,33,7,2,23,52,57,1,39,5,0,1,0,224,17,0
/home/alison/jsoup-quality-analysis/work/jsoup/src/main/java/org/jsoup/Connection.java,org.jsoup.Connection$Response,interface,6,6,0,6,13,1,0,0,78,0.0,0.0,0.0,13,0,0,0,0,13,13,0,0,0,0,0,0,0,0,0,0,0,0,21,0,0,0,0,0,0,0,0,0,0,0,0,0,0,158,0,0
/home/alison/jsoup-quality-analysis/work/jsoup/src/main/java/org/jsoup/nodes/Range.java,org.jsoup.nodes.Range,class,8,14,6,8,32,1,0,15,0,0.74285716,0.0,0.0,15,2,10,3,0,2,12,0,0,0,7,4,0,7,0,0,7,0,4,289,14,0,13,0,0,2,18,22,2,12,1,0,3,0,140,1,0
/home/alison/jsoup-quality-analysis/work/jsoup/src/main/java/org/jsoup/select/Evaluator.java,org.jsoup.select.Evaluator$IndexEvaluator,innerclass,1,1,0,1,1,2,0,0,0,0.0,NaN,NaN,1,0,1,0,0,0,1,0,0,0,1,0,0,0,0,1,1,0,0,6,0,0,0,0,0,0,0,1,0,1,0,0,0,0,8,1033,0
/home/alison/jsoup-quality-analysis/work/jsoup/src/main/java/org/jsoup/select/Evaluator.java,org.jsoup.select.Evaluator$IsOnlyOfType,innerclass,4,4,0,4,8,2,0,5,1,0.0,0.0,0.0,2,0,2,0,0,0,2,0,0,0,0,0,0,0,0,0,0,0,0,17,3,1,3,0,0,1,3,4,0,3,2,0,0,0,17,25,0
/home/alison/jsoup-quality-analysis/work/jsoup/src/main/java/org/jsoup/select/Evaluator.java,org.jsoup.select.Evaluator$ContainsWholeText,innerclass,2,2,0,2,4,2,0,3,0,0.25,0.0,0.0,4,0,3,0,1,0,4,0,0,0,1,0,0,1,0,0,1,0,1,15,3,0,0,0,0,1,1,1,0,1,0,0,0,0,22,25,0
/home/alison/jsoup-quality-analysis/work/jsoup/src/main/java/org/jsoup/nodes/Entities.java,org.jsoup.nodes.Entities$CoreCharset,enum,1,1,0,1,3,1,0,2,0,0.0,NaN,NaN,1,1,0,0,0,1,1,0,0,0,0,0,0,0,0,0,0,0,0,6,3,0,0,0,0,2,0,0,0,0,1,0,0,0,9,0,0
/home/alison/jsoup-quality-analysis/work/jsoup/src/main/java/org/jsoup/internal/ControllableInputStream.java,org.jsoup.internal.ControllableInputStream,class,9,12,3,9,56,3,0,30,55,0.8038278,0.0,0.0,19,3,16,3,0,0,16,0,0,0,11,0,0,11,0,0,1,0,15,173,16,2,10,2,2,5,34,44,8,25,4,0,1,0,135,1,0
/home/alison/jsoup-quality-analysis/work/jsoup/src/main/java/org/jsoup/safety/Cleaner.java,org.jsoup.safety.Cleaner,class,16,19,3,16,20,1,0,39,9,0.5,0.0,0.0,6,0,4,2,0,0,4,0,0,0,1,0,0,1,0,0,1,0,10,127,5,2,2,1,1,6,5,26,0,24,4,0,2,0,198,1,0
/home/alison/jsoup-quality-analysis/work/jsoup/src/main/java/org/jsoup/nodes/Element.java,org.jsoup.nodes.Element,class,56,153,97,56,292,5,3,216,11781,0.9413581,0.0,0.0,162,8,134,13,5,10,149,0,1,0,8,5,0,4,0,4,5,0,136,921,183,19,56,3,5,50,51,136,12,112,3,0,2,3,669,1,0
/home/alison/jsoup-quality-analysis/work/jsoup/src/main/java/org/jsoup/helper/HttpConnection.java,org.jsoup.helper.HttpConnection,class,17,21,4,17,60,3,0,45,0,0.9149306,0.0,0.0,48,4,44,2,0,2,46,0,0,0,12,8,5,4,0,3,8,0,22,991,47,7,2,1,0,26,5,24,2,17,2,0,4,0,406,1,0
/home/alison/jsoup-quality-analysis/work/jsoup/src/main/java/org/jsoup/helper/UrlBuilder.java,org.jsoup.helper.UrlBuilder,class,5,8,3,5,28,1,0,30,7,0.61111116,0.0,0.0,6,3,0,3,0,3,3,0,0,0,3,1,0,1,0,2,1,0,19,70,4,1,8,2,3,3,10,10,5,7,3,0,0,0,75,16,0
/home/alison/jsoup-quality-analysis/work/jsoup/src/main/java/org/jsoup/helper/Regex.java,org.jsoup.helper.Regex,class,5,15,10,5,15,1,1,19,28,0.7222222,0.0,0.0,9,6,5,0,0,4,9,0,0,0,2,1,0,2,0,0,2,0,11,71,10,0,0,3,0,8,0,8,2,8,3,0,2,0,104,1,0
/home/alison/jsoup-quality-analysis/work/jsoup/src/main/java/org/jsoup/select/NodeTraversor.java,org.jsoup.select.NodeTraversor,class,7,11,4,7,41,1,0,13,6,0.75,0.0,0.0,4,4,4,0,0,0,4,0,0,0,3,3,0,3,0,0,3,0,8,111,5,5,30,0,1,0,14,38,0,18,4,0,0,0,89,1,0
/home/alison/jsoup-quality-analysis/work/jsoup/src/main/java/org/jsoup/parser/Token.java,org.jsoup.parser.Token$XmlDecl,innerclass,4,4,0,4,7,3,0,5,1,0.33333334,0.0,0.0,3,0,2,0,0,1,3,0,0,0,1,0,0,0,0,1,0,0,0,17,3,0,0,0,0,5,1,4,2,3,1,0,0,0,20,24,0
/home/alison/jsoup-quality-analysis/work/jsoup/src/main/java/org/jsoup/safety/Safelist.java,org.jsoup.safety.Safelist$AttributeKey,innerclass,3,3,0,3,2,2,0,1,1,0.0,0.0,0.0,2,1,0,0,0,2,2,0,0,0,0,0,0,0,0,0,0,0,1,8,1,0,0,0,0,0,0,0,0,0,0,0,0,0,6,8,0
/home/alison/jsoup-quality-analysis/work/jsoup/src/main/java/org/jsoup/select/Evaluator.java,org.jsoup.select.Evaluator$MatchesOwn,innerclass,4,4,0,4,5,2,0,5,0,0.2,0.0,0.0,5,0,4,0,1,0,5,0,0,0,1,0,0,1,0,0,1,0,2,18,3,0,0,0,0,1,1,1,0,1,0,0,0,0,17,25,0
/home/alison/jsoup-quality-analysis/work/jsoup/src/main/java/org/jsoup/select/StructuralEvaluator.java,org.jsoup.select.StructuralEvaluator$Ancestor,innerclass,4,4,0,4,8,3,0,4,6,0.0,0.0,0.0,4,0,2,0,1,1,4,0,0,0,0,0,0,0,0,0,0,0,1,19,5,1,3,0,0,1,1,2,1,1,2,0,0,0,21,8,0
/home/alison/jsoup-quality-analysis/work/jsoup/src/main/java/org/jsoup/select/CombiningEvaluator.java,org.jsoup.select.CombiningEvaluator$And,innerclass,5,5,0,5,9,3,0,5,10,0.0,0.0,0.0,5,0,4,0,0,1,5,0,0,0,0,0,0,0,0,0,0,0,2,25,5,2,0,0,0,1,2,4,0,4,2,0,0,0,17,25,0
/home/alison/jsoup-quality-analysis/work/jsoup/src/main/java/org/jsoup/nodes/NodeIterator.java,org.jsoup.nodes.NodeIterator,class,5,9,4,5,24,1,0,13,0,0.5625,0.0,0.0,8,1,6,2,0,0,6,0,0,0,6,0,0,6,0,0,1,0,2,64,7,2,8,0,0,0,2,19,0,8,7,0,0,0,95,1,0
/home/alison/jsoup-quality-analysis/work/jsoup/src/main/java/org/jsoup/parser/Token.java,org.jsoup.parser.Token$EndTag,innerclass,2,2,0,2,2,3,0,1,1,0.0,0.0,0.0,2,0,1,0,0,1,2,0,0,0,0,0,0,0,0,0,0,0,0,8,1,0,0,0,0,2,0,0,1,0,0,0,0,0,8,24,0
/home/alison/jsoup-quality-analysis/work/jsoup/src/main/java/org/jsoup/helper/HttpConnection.java,org.jsoup.helper.HttpConnection$Request,innerclass,11,11,0,11,36,2,0,9,355,0.91171473,0.0,0.0,31,0,28,0,0,3,32,0,0,0,19,0,0,15,0,4,2,0,8,162,28,0,0,0,0,8,6,44,1,19,1,0,0,0,71,9,0
/home/alison/jsoup-quality-analysis/work/jsoup/src/main/java/org/jsoup/nodes/Document.java,org.jsoup.nodes.Document,class,23,55,32,23,53,3,0,46,395,0.89247304,0.0,0.0,31,1,26,4,1,0,27,0,0,0,6,1,0,6,0,0,2,0,9,256,31,5,11,0,1,27,0,35,0,24,3,0,2,0,217,1,0
/home/alison/jsoup-quality-analysis/work/jsoup/src/main/java/org/jsoup/Jsoup.java,org.jsoup.Jsoup,class,11,17,6,11,26,1,0,25,276,0.0,0.0,0.0,24,23,23,1,0,0,23,0,0,0,0,0,0,0,0,0,0,0,19,85,23,0,0,0,0,4,0,8,0,7,1,0,0,0,313,1,0
/home/alison/jsoup-quality-analysis/work/jsoup/src/main/java/org/jsoup/parser/HtmlTreeBuilder.java,org.jsoup.parser.HtmlTreeBuilder,class,30,58,28,30,303,2,0,150,4491,0.9539216,0.0,0.0,102,6,1,14,2,85,88,0,0,0,20,6,1,15,0,4,6,0,25,785,100,26,46,1,5,77,69,156,35,122,3,0,1,0,412,1,1
/home/alison/jsoup-quality-analysis/work/jsoup/src/main/java/org/jsoup/helper/Regex.java,org.jsoup.helper.Regex$Matcher,interface,0,0,0,0,1,1,0,0,0,0.0,NaN,NaN,1,0,0,0,0,1,1,0,0,0,0,0,0,0,0,0,0,0,0,3,0,0,0,0,0,0,0,0,0,0,0,0,0,0,2,1,0
/home/alison/jsoup-quality-analysis/work/jsoup/src/main/java/org/jsoup/nodes/FormElement.java,org.jsoup.nodes.FormElement,class,18,23,5,18,27,3,0,32,15,0.71428573,0.0,0.0,7,0,6,0,1,0,7,0,0,0,2,1,0,2,0,0,2,0,8,69,5,3,4,0,0,18,2,16,0,15,4,0,0,0,138,1,0
/home/alison/jsoup-quality-analysis/work/jsoup/src/main/java/org/jsoup/UnsupportedMimeTypeException.java,org.jsoup.UnsupportedMimeTypeException,class,0,1,1,0,4,4,0,1,0,0.25,0.0,0.0,4,0,4,0,0,0,4,0,0,0,2,0,0,2,0,0,2,0,0,18,3,0,0,0,0,2,0,2,1,2,0,0,0,0,28,1,0
/home/alison/jsoup-quality-analysis/work/jsoup/src/main/java/org/jsoup/select/StructuralEvaluator.java,org.jsoup.select.StructuralEvaluator,class,5,13,8,5,7,17,14,9,9,0.61904764,0.0,0.0,7,0,2,0,1,4,7,1,0,0,3,0,0,0,0,3,2,0,1,208,4,0,0,0,0,0,0,5,0,7,0,0,8,2,22,1024,0
/home/alison/jsoup-quality-analysis/work/jsoup/src/main/java/org/jsoup/internal/SimpleBufferedInput.java,org.jsoup.internal.SimpleBufferedInput,class,5,7,2,5,47,3,0,12,9,0.73214287,0.0,0.0,14,0,4,2,0,8,12,0,0,0,8,2,0,6,0,2,2,0,8,122,14,1,10,1,2,1,30,33,9,15,4,0,0,1,93,0,0
/home/alison/jsoup-quality-analysis/work/jsoup/src/main/java/org/jsoup/select/NodeEvaluator.java,org.jsoup.select.NodeEvaluator$InstanceType,innerclass,2,2,0,2,4,3,0,1,2,0.5,0.0,0.0,4,0,1,0,1,2,4,0,0,0,2,0,0,0,0,2,2,0,0,18,3,0,0,0,0,1,1,2,1,2,0,0,0,0,12,8,0
/home/alison/jsoup-quality-analysis/work/jsoup/src/main/java/org/jsoup/helper/AuthenticationHandler.java,org.jsoup.helper.AuthenticationHandler$GlobalHandler,innerclass,3,3,0,3,4,1,0,4,0,0.0,0.0,0.0,3,0,3,0,0,0,4,0,0,0,1,1,0,0,0,1,0,0,1,15,1,0,0,0,0,0,0,1,0,1,0,0,0,0,29,8,0
/home/alison/jsoup-quality-analysis/work/jsoup/src/main/java/org/jsoup/parser/StreamParser.java,org.jsoup.parser.StreamParser$ElementIterator,innerclass,7,7,0,7,20,1,0,11,0,0.5,0.0,0.0,7,0,5,1,0,1,6,0,0,0,4,0,0,4,0,0,1,0,0,58,5,1,7,0,0,0,0,14,0,6,2,0,0,0,39,16,0
/home/alison/jsoup-quality-analysis/work/jsoup/src/main/java/org/jsoup/select/NodeEvaluator.java,org.jsoup.select.NodeEvaluator$MatchesValue,innerclass,4,4,0,4,4,3,0,4,0,0.25,0.0,0.0,4,0,1,0,2,1,4,0,0,0,1,0,0,1,0,0,1,0,1,15,3,0,0,0,0,1,1,1,0,1,0,0,0,0,12,8,0
/home/alison/jsoup-quality-analysis/work/jsoup/src/main/java/org/jsoup/nodes/EntitiesData.java,org.jsoup.nodes.EntitiesData,class,0,0,0,0,1,1,0,0,0,NaN,NaN,NaN,0,0,0,0,0,0,1,0,0,0,3,3,0,0,0,3,3,0,0,10,0,0,0,0,0,3,0,3,0,3,0,0,0,0,4763,0,0
/home/alison/jsoup-quality-analysis/work/jsoup/src/main/java/org/jsoup/parser/StreamParser.java,org.jsoup.parser.StreamParser,class,12,17,5,12,20,1,0,28,87,0.7888888,0.0,0.0,18,0,18,0,0,0,18,0,0,0,5,0,0,5,0,0,3,0,7,142,17,0,1,1,0,3,0,11,0,9,1,0,1,0,262,1,0
/home/alison/jsoup-quality-analysis/work/jsoup/src/main/java/org/jsoup/select/Evaluator.java,org.jsoup.select.Evaluator$IndexEquals,innerclass,2,2,0,2,4,3,0,2,3,0.0,0.0,0.0,3,0,3,0,0,0,3,0,0,0,0,0,0,0,0,0,0,0,1,11,2,0,1,0,0,1,0,0,0,0,0,0,0,0,15,25,0
/home/alison/jsoup-quality-analysis/work/jsoup/src/main/java/org/jsoup/select/Selector.java,org.jsoup.select.Selector$SelectorParseException,innerclass,0,0,0,0,3,5,0,1,3,0.0,0.0,0.0,3,0,3,0,0,0,3,0,0,0,0,0,0,0,0,0,0,0,2,11,0,0,0,0,0,0,0,0,0,0,0,0,0,0,8,9,0
/home/alison/jsoup-quality-analysis/work/jsoup/src/main/java/org/jsoup/nodes/LeafNode.java,org.jsoup.nodes.LeafNode$TrackedValue,innerclass,2,2,0,2,3,1,0,1,0,0.16666667,0.0,0.0,3,0,0,0,0,3,3,0,0,0,2,0,0,0,0,2,1,0,0,14,1,0,0,0,0,0,0,2,0,2,0,0,0,0,27,26,0
/home/alison/jsoup-quality-analysis/work/jsoup/src/main/java/org/jsoup/parser/Token.java,org.jsoup.parser.Token$Tag,innerclass,13,13,0,13,64,2,0,36,244,0.875,0.0,0.0,28,1,1,7,0,20,21,1,18,0,15,2,0,8,2,5,6,0,11,177,11,2,15,0,1,2,16,54,11,29,4,0,0,0,102,1032,0
/home/alison/jsoup-quality-analysis/work/jsoup/src/main/java/org/jsoup/nodes/XmlDeclaration.java,org.jsoup.nodes.XmlDeclaration,class,8,14,6,8,14,3,0,17,34,0.7777778,0.0,0.0,9,0,6,1,0,2,8,0,0,0,1,0,0,1,0,0,1,0,4,46,5,1,0,0,0,8,0,4,0,4,3,0,0,0,62,1,0
/home/alison/jsoup-quality-analysis/work/jsoup/src/main/java/org/jsoup/parser/Token.java,org.jsoup.parser.Token$Doctype,innerclass,4,4,0,4,10,2,0,4,31,0.8000001,0.0,0.0,10,0,3,0,0,7,10,0,0,0,7,0,0,0,0,7,4,0,0,47,9,0,0,0,0,2,0,10,1,7,0,0,0,0,30,24,0
/home/alison/jsoup-quality-analysis/work/jsoup/src/main/java/org/jsoup/helper/UrlConnectionExecutor.java,org.jsoup.helper.UrlConnectionExecutor,class,9,11,2,9,26,2,0,45,0,0.16666667,0.0,0.0,6,2,0,2,0,4,4,0,0,0,1,0,0,0,0,1,0,0,5,83,4,3,12,2,1,2,2,21,1,13,3,0,0,1,67,0,0
/home/alison/jsoup-quality-analysis/work/jsoup/src/main/java/org/jsoup/select/Evaluator.java,org.jsoup.select.Evaluator$TagEndsWith,innerclass,2,2,0,2,3,2,0,3,0,0.0,0.0,0.0,3,0,3,0,0,0,3,0,0,0,1,0,0,1,0,0,1,0,1,12,2,0,0,0,1,1,0,1,0,1,0,0,0,0,18,25,0
/home/alison/jsoup-quality-analysis/work/jsoup/src/main/java/org/jsoup/helper/CookieUtil.java,org.jsoup.helper.CookieUtil,class,9,12,3,9,20,1,0,31,10,0.8,0.0,0.0,5,5,0,1,0,4,4,0,0,0,4,4,0,4,0,0,4,0,7,68,3,4,4,1,0,5,3,21,1,19,3,0,0,0,78,0,0
/home/alison/jsoup-quality-analysis/work/jsoup/src/main/java/org/jsoup/nodes/Printer.java,org.jsoup.nodes.Printer$Outline,innerclass,6,6,0,6,9,3,0,3,3,0.0,0.0,0.0,3,0,0,0,0,3,3,0,0,0,0,0,0,0,0,0,0,0,1,15,4,0,5,0,0,0,0,0,0,0,1,0,0,0,23,8,0
/home/alison/jsoup-quality-analysis/work/jsoup/src/main/java/org/jsoup/nodes/Element.java,org.jsoup.nodes.Element$TextAccumulator,innerclass,6,6,0,6,21,1,0,15,9,0.5,0.0,0.0,6,3,3,3,0,0,3,0,0,0,1,0,0,1,0,0,1,0,6,36,4,1,0,0,3,1,3,7,0,7,2,0,0,0,50,10,0
/home/alison/jsoup-quality-analysis/work/jsoup/src/main/java/org/jsoup/select/Evaluator.java,org.jsoup.select.Evaluator$Tag,innerclass,3,3,0,3,4,2,0,2,0,0.25,0.0,0.0,4,0,3,0,1,0,4,0,0,0,1,0,0,1,0,0,1,0,1,15,3,0,0,0,1,1,1,1,0,1,0,0,0,0,11,25,0
/home/alison/jsoup-quality-analysis/work/jsoup/src/main/java/org/jsoup/nodes/Document.java,org.jsoup.nodes.Document$OutputSettings$Syntax,enum,0,0,0,0,0,1,0,0,0,0.0,-1.0,-1.0,0,0,0,0,0,0,0,0,0,0,0,0,0,0,0,0,0,0,0,1,0,0,0,0,0,0,0,0,0,0,0,0,0,0,6,1,0
/home/alison/jsoup-quality-analysis/work/jsoup/src/main/java/org/jsoup/internal/StringUtil.java,org.jsoup.internal.StringUtil,class,6,62,56,6,88,1,0,54,313,0.9285714,0.0,0.0,26,26,25,1,0,0,25,0,0,0,7,7,0,6,0,1,7,0,29,204,39,8,21,2,1,31,24,42,3,33,3,0,1,3,253,17,0
/home/alison/jsoup-quality-analysis/work/jsoup/src/main/java/org/jsoup/parser/TokeniserState.java,org.jsoup.parser.TokeniserState$Anonymous24,anonymous,2,2,0,2,6,1,0,6,0,0.0,NaN,NaN,1,0,0,0,0,1,1,0,0,0,0,0,0,0,0,0,0,0,0,25,1,0,0,0,0,0,0,1,0,1,1,0,0,0,13,-1,1
/home/alison/jsoup-quality-analysis/work/jsoup/src/main/java/org/jsoup/parser/TokeniserState.java,org.jsoup.parser.TokeniserState$Anonymous25,anonymous,3,3,0,3,3,1,0,8,0,0.0,NaN,NaN,1,0,0,0,0,1,1,0,0,0,0,0,0,0,0,0,0,0,0,19,0,0,0,0,0,0,0,0,0,0,1,0,0,0,14,-1,0
/home/alison/jsoup-quality-analysis/work/jsoup/src/main/java/org/jsoup/parser/TokeniserState.java,org.jsoup.parser.TokeniserState$Anonymous26,anonymous,4,4,0,4,2,1,0,8,0,0.0,NaN,NaN,1,0,0,0,0,1,1,0,0,0,0,0,0,0,0,0,0,0,0,14,0,0,0,0,0,1,0,0,0,0,1,0,0,0,12,-1,0
/home/alison/jsoup-quality-analysis/work/jsoup/src/main/java/org/jsoup/parser/TokeniserState.java,org.jsoup.parser.TokeniserState$Anonymous27,anonymous,3,3,0,3,1,1,0,1,0,0.0,NaN,NaN,1,0,0,0,0,1,1,0,0,0,0,0,0,0,0,0,0,0,1,5,0,0,0,0,0,0,0,0,0,0,0,0,0,0,9,-1,0
/home/alison/jsoup-quality-analysis/work/jsoup/src/main/java/org/jsoup/parser/TokeniserState.java,org.jsoup.parser.TokeniserState$Anonymous20,anonymous,2,2,0,2,2,1,0,4,0,0.0,NaN,NaN,1,0,0,0,0,1,1,0,0,0,0,0,0,0,0,0,0,0,0,11,0,0,0,0,0,0,0,0,0,0,1,0,0,0,10,-1,0
/home/alison/jsoup-quality-analysis/work/jsoup/src/main/java/org/jsoup/parser/TokeniserState.java,org.jsoup.parser.TokeniserState$Anonymous21,anonymous,2,2,0,2,2,1,0,4,0,0.0,NaN,NaN,1,0,0,0,0,1,1,0,0,0,0,0,0,0,0,0,0,0,0,11,0,0,0,0,0,0,0,0,0,0,1,0,0,0,9,-1,0
/home/alison/jsoup-quality-analysis/work/jsoup/src/main/java/org/jsoup/parser/TokeniserState.java,org.jsoup.parser.TokeniserState$Anonymous22,anonymous,2,2,0,2,5,1,0,10,0,0.0,NaN,NaN,1,0,0,0,0,1,1,0,0,0,0,0,0,0,0,0,0,0,0,22,1,0,0,0,0,0,0,1,0,1,1,0,0,0,14,-1,1
/home/alison/jsoup-quality-analysis/work/jsoup/src/main/java/org/jsoup/internal/QuietAppendable.java,org.jsoup.internal.QuietAppendable$BaseAppendable$Action,interface,0,0,0,0,1,1,0,0,0,0.0,NaN,NaN,1,0,0,0,0,1,1,0,0,0,0,0,0,0,0,0,0,0,0,3,0,0,0,0,0,0,0,0,0,0,0,0,0,0,5,2,0
/home/alison/jsoup-quality-analysis/work/jsoup/src/main/java/org/jsoup/parser/TokeniserState.java,org.jsoup.parser.TokeniserState$Anonymous23,anonymous,2,2,0,2,5,1,0,6,0,0.0,NaN,NaN,1,0,0,0,0,1,1,0,0,0,0,0,0,0,0,0,0,0,0,23,1,0,0,0,0,0,0,1,0,1,1,0,0,0,14,-1,1
/home/alison/jsoup-quality-analysis/work/jsoup/src/main/java/org/jsoup/parser/Tokeniser.java,org.jsoup.parser.Tokeniser,class,26,105,79,26,76,1,0,64,154,0.8985715,0.0,0.0,28,0,0,1,0,27,28,0,0,0,24,4,0,12,0,12,17,0,11,235,20,2,15,1,3,16,52,56,5,40,5,0,0,0,160,16,0
/home/alison/jsoup-quality-analysis/work/jsoup/src/main/java/org/jsoup/nodes/Comment.java,org.jsoup.nodes.Comment,class,8,17,9,8,12,3,0,12,36,0.0,0.0,0.0,9,1,7,1,0,1,8,0,0,0,0,0,0,0,0,0,0,0,2,35,8,0,0,0,2,8,3,4,1,4,1,0,0,0,68,1,0
/home/alison/jsoup-quality-analysis/work/jsoup/src/main/java/org/jsoup/select/Evaluator.java,org.jsoup.select.Evaluator$IndexGreaterThan,innerclass,2,2,0,2,4,3,0,2,3,0.0,0.0,0.0,3,0,3,0,0,0,3,0,0,0,0,0,0,0,0,0,0,0,1,11,2,0,0,0,0,1,0,0,0,0,0,0,0,0,16,25,0
/home/alison/jsoup-quality-analysis/work/jsoup/src/main/java/org/jsoup/nodes/LeafNode.java,org.jsoup.nodes.LeafNode,class,10,27,17,10,39,2,5,22,143,0.5217391,0.0,0.0,23,0,12,1,5,5,22,0,2,0,1,0,0,0,0,1,0,0,1,116,23,0,2,0,9,2,1,13,0,6,2,0,1,0,55,1025,0
/home/alison/jsoup-quality-analysis/work/jsoup/src/main/java/org/jsoup/parser/TokeniserState.java,org.jsoup.parser.TokeniserState$Anonymous28,anonymous,3,3,0,3,1,1,0,1,0,0.0,NaN,NaN,1,0,0,0,0,1,1,0,0,0,0,0,0,0,0,0,0,0,1,5,0,0,0,0,0,0,0,0,0,0,0,0,0,0,10,-1,0
/home/alison/jsoup-quality-analysis/work/jsoup/src/main/java/org/jsoup/parser/TokeniserState.java,org.jsoup.parser.TokeniserState$Anonymous29,anonymous,2,2,0,2,5,1,0,9,0,0.0,NaN,NaN,1,0,0,0,0,1,1,0,0,0,0,0,0,0,0,0,0,0,0,22,0,0,0,0,0,0,0,2,0,2,1,0,0,0,16,-1,1
/home/alison/jsoup-quality-analysis/work/jsoup/src/main/java/org/jsoup/helper/RequestAuthenticator.java,org.jsoup.helper.RequestAuthenticator$Context,innerclass,0,0,0,0,9,1,0,1,5,0.61904764,0.0,0.0,7,0,6,0,0,1,7,0,0,0,3,0,0,3,0,0,3,0,0,28,6,0,2,0,0,0,0,3,0,3,0,0,0,0,45,0,0
/home/alison/jsoup-quality-analysis/work/jsoup/src/main/java/org/jsoup/internal/SimpleStreamReader.java,org.jsoup.internal.SimpleStreamReader,class,6,8,2,6,25,2,0,28,0,0.33333334,0.0,0.0,5,0,3,2,0,0,3,0,0,0,3,0,0,3,0,0,2,0,3,67,7,1,6,2,4,1,10,14,3,11,4,0,0,0,48,1,0
/home/alison/jsoup-quality-analysis/work/jsoup/src/main/java/org/jsoup/select/Selector.java,org.jsoup.select.Selector,class,10,16,6,10,19,5,0,15,66,0.0,0.0,0.0,12,11,10,1,0,1,11,0,0,0,0,0,0,0,0,0,0,0,25,83,12,4,1,1,0,0,0,9,0,8,3,0,1,0,394,1,0
/home/alison/jsoup-quality-analysis/work/jsoup/src/main/java/org/jsoup/select/Evaluator.java,org.jsoup.select.Evaluator$AttributeWithValueEnding,innerclass,4,4,0,4,4,3,0,5,6,0.0,0.0,0.0,4,0,3,0,1,0,4,0,0,0,0,0,0,0,0,0,0,0,2,14,3,0,0,0,0,1,1,0,0,0,0,0,0,0,21,25,0
/home/alison/jsoup-quality-analysis/work/jsoup/src/main/java/org/jsoup/select/StructuralEvaluator.java,org.jsoup.select.StructuralEvaluator$ImmediatePreviousSibling,innerclass,4,4,0,4,7,3,0,5,6,0.0,0.0,0.0,4,0,2,0,1,1,4,0,0,0,0,0,0,0,0,0,0,0,1,16,4,0,2,0,0,1,1,1,1,1,1,0,0,0,22,8,0
/home/alison/jsoup-quality-analysis/work/jsoup/src/main/java/org/jsoup/parser/TokeniserState.java,org.jsoup.parser.TokeniserState$Anonymous30,anonymous,2,2,0,2,5,1,0,5,0,0.0,NaN,NaN,1,0,0,0,0,1,1,0,0,0,0,0,0,0,0,0,0,0,0,22,0,0,0,0,0,0,0,1,0,1,1,0,0,0,15,-1,1
/home/alison/jsoup-quality-analysis/work/jsoup/src/main/java/org/jsoup/safety/Safelist.java,org.jsoup.safety.Safelist$AttributeValue,innerclass,2,2,0,2,2,2,0,0,1,0.0,0.0,0.0,2,1,0,0,0,2,2,0,0,0,0,0,0,0,0,0,0,0,0,8,1,0,0,0,0,0,0,0,0,0,0,0,0,0,5,8,0
/home/alison/jsoup-quality-analysis/work/jsoup/src/main/java/org/jsoup/select/NodeEvaluator.java,org.jsoup.select.NodeEvaluator$ContainsValue,innerclass,4,4,0,4,4,3,0,5,0,0.25,0.0,0.0,4,0,2,0,1,1,4,0,0,0,1,0,0,1,0,0,1,0,4,15,3,0,0,0,0,1,1,1,0,1,0,0,0,0,16,8,0
/home/alison/jsoup-quality-analysis/work/jsoup/src/main/java/org/jsoup/helper/HttpConnection.java,org.jsoup.helper.HttpConnection$KeyVal,innerclass,4,4,0,4,14,1,0,4,20,0.673077,0.0,0.0,13,2,12,1,0,0,12,0,0,0,4,0,0,4,0,0,0,0,6,56,12,0,1,0,0,6,0,6,1,4,0,0,0,0,15,9,0
/home/alison/jsoup-quality-analysis/work/jsoup/src/main/java/org/jsoup/parser/HtmlTreeBuilderState.java,org.jsoup.parser.HtmlTreeBuilderState$Anonymous5,anonymous,9,9,0,9,14,1,0,25,1,0.0,NaN,NaN,2,0,0,1,0,1,1,0,0,0,0,0,0,0,0,0,0,0,3,65,5,0,0,0,0,6,0,4,0,4,2,0,0,0,23,-1,4
/home/alison/jsoup-quality-analysis/work/jsoup/src/main/java/org/jsoup/parser/TokeniserState.java,org.jsoup.parser.TokeniserState$Anonymous35,anonymous,4,4,0,4,16,1,0,9,0,0.0,NaN,NaN,1,0,0,0,0,1,1,0,0,0,0,0,0,0,0,0,0,0,0,31,0,0,1,0,0,0,0,4,0,3,2,0,0,0,22,-1,1
/home/alison/jsoup-quality-analysis/work/jsoup/src/main/java/org/jsoup/parser/HtmlTreeBuilderState.java,org.jsoup.parser.HtmlTreeBuilderState$Anonymous4,anonymous,13,13,0,13,23,1,0,37,1,0.0,NaN,NaN,2,0,0,1,0,1,1,0,0,0,0,0,0,0,0,0,0,0,6,90,10,0,0,0,0,12,0,5,0,4,4,0,0,0,27,-1,5
/home/alison/jsoup-quality-analysis/work/jsoup/src/main/java/org/jsoup/parser/TokeniserState.java,org.jsoup.parser.TokeniserState$Anonymous36,anonymous,3,3,0,3,14,1,0,9,0,0.0,NaN,NaN,1,0,0,0,0,1,1,0,0,0,0,0,0,0,0,0,0,0,0,30,0,0,0,0,0,0,2,1,2,1,1,0,0,0,15,-1,2
/home/alison/jsoup-quality-analysis/work/jsoup/src/main/java/org/jsoup/parser/HtmlTreeBuilderState.java,org.jsoup.parser.HtmlTreeBuilderState$Anonymous7,anonymous,3,3,0,3,5,1,0,11,0,0.0,NaN,NaN,1,0,0,0,0,1,1,0,0,0,0,0,0,0,0,0,0,0,0,19,2,0,1,0,0,0,0,0,0,0,2,0,0,0,11,-1,1
/home/alison/jsoup-quality-analysis/work/jsoup/src/main/java/org/jsoup/parser/TokeniserState.java,org.jsoup.parser.TokeniserState$Anonymous37,anonymous,3,3,0,3,15,1,0,8,0,0.0,NaN,NaN,1,0,0,0,0,1,1,0,0,0,0,0,0,0,0,0,0,0,0,33,0,0,0,0,0,0,2,1,2,1,1,0,0,0,13,-1,3
/home/alison/jsoup-quality-analysis/work/jsoup/src/main/java/org/jsoup/parser/HtmlTreeBuilderState.java,org.jsoup.parser.HtmlTreeBuilderState$Anonymous6,anonymous,19,19,0,19,208,1,0,95,10,0.8,0.0,0.0,5,0,0,3,0,2,2,0,0,0,1,1,0,1,0,0,1,0,25,551,40,10,20,0,2,129,28,59,9,43,4,0,0,0,80,-1,43
/home/alison/jsoup-quality-analysis/work/jsoup/src/main/java/org/jsoup/parser/TokeniserState.java,org.jsoup.parser.TokeniserState$Anonymous38,anonymous,4,4,0,4,7,1,0,12,0,0.0,NaN,NaN,1,0,0,0,0,1,1,0,0,0,0,0,0,0,0,0,0,0,0,25,0,0,1,0,0,0,1,5,0,4,2,0,0,0,16,-1,1
/home/alison/jsoup-quality-analysis/work/jsoup/src/main/java/org/jsoup/parser/HtmlTreeBuilderState.java,org.jsoup.parser.HtmlTreeBuilderState$Anonymous1,anonymous,9,9,0,9,7,1,0,23,0,0.0,NaN,NaN,1,0,0,0,0,1,1,0,0,0,0,0,0,0,0,0,0,0,1,25,3,0,0,0,0,2,0,2,0,2,2,0,0,0,15,-1,0
/home/alison/jsoup-quality-analysis/work/jsoup/src/main/java/org/jsoup/parser/TokeniserState.java,org.jsoup.parser.TokeniserState$Anonymous31,anonymous,2,2,0,2,6,1,0,5,0,0.0,NaN,NaN,1,0,0,0,0,1,1,0,0,0,0,0,0,0,0,0,0,0,0,24,0,0,0,0,0,0,0,1,0,1,1,0,0,0,14,-1,1
/home/alison/jsoup-quality-analysis/work/jsoup/src/main/java/org/jsoup/parser/TokeniserState.java,org.jsoup.parser.TokeniserState$Anonymous32,anonymous,2,2,0,2,2,1,0,5,0,0.0,NaN,NaN,1,0,0,0,0,1,1,0,0,0,0,0,0,0,0,0,0,0,0,12,0,0,0,0,0,0,0,0,0,0,1,0,0,0,11,-1,0
/home/alison/jsoup-quality-analysis/work/jsoup/src/main/java/org/jsoup/parser/HtmlTreeBuilderState.java,org.jsoup.parser.HtmlTreeBuilderState$Anonymous3,anonymous,7,7,0,7,11,1,0,21,0,0.0,NaN,NaN,1,0,0,0,0,1,1,0,0,0,0,0,0,0,0,0,0,0,2,35,6,0,0,0,1,4,0,1,0,1,1,0,0,0,17,-1,2
/home/alison/jsoup-quality-analysis/work/jsoup/src/main/java/org/jsoup/parser/TokeniserState.java,org.jsoup.parser.TokeniserState$Anonymous33,anonymous,3,3,0,3,1,1,0,1,0,0.0,NaN,NaN,1,0,0,0,0,1,1,0,0,0,0,0,0,0,0,0,0,0,1,5,0,0,0,0,0,0,0,0,0,0,0,0,0,0,10,-1,0
/home/alison/jsoup-quality-analysis/work/jsoup/src/main/java/org/jsoup/parser/HtmlTreeBuilderState.java,org.jsoup.parser.HtmlTreeBuilderState$Anonymous2,anonymous,7,7,0,7,10,1,0,20,1,0.0,NaN,NaN,2,0,0,1,0,1,1,0,0,0,0,0,0,0,0,0,0,0,2,34,6,0,0,0,1,2,0,0,0,0,1,0,0,0,17,-1,2
/home/alison/jsoup-quality-analysis/work/jsoup/src/main/java/org/jsoup/parser/TokeniserState.java,org.jsoup.parser.TokeniserState$Anonymous34,anonymous,4,4,0,4,15,1,0,9,0,0.0,NaN,NaN,1,0,0,0,0,1,1,0,0,0,0,0,0,0,0,0,0,0,0,30,0,0,0,0,0,0,1,1,1,1,2,0,0,0,13,-1,2
/home/alison/jsoup-quality-analysis/work/jsoup/src/main/java/org/jsoup/parser/HtmlTreeBuilderState.java,org.jsoup.parser.HtmlTreeBuilderState$Anonymous9,anonymous,6,6,0,6,6,1,0,16,0,0.0,NaN,NaN,1,0,0,0,0,1,1,0,0,0,0,0,0,0,0,0,0,0,2,32,2,1,1,0,0,0,1,3,0,1,5,0,0,0,15,-1,1
/home/alison/jsoup-quality-analysis/work/jsoup/src/main/java/org/jsoup/parser/TokeniserState.java,org.jsoup.parser.TokeniserState$Anonymous39,anonymous,4,4,0,4,7,1,0,12,0,0.0,NaN,NaN,1,0,0,0,0,1,1,0,0,0,0,0,0,0,0,0,0,0,0,25,0,0,1,0,0,0,1,5,0,4,2,0,0,0,16,-1,1
/home/alison/jsoup-quality-analysis/work/jsoup/src/main/java/org/jsoup/parser/HtmlTreeBuilderState.java,org.jsoup.parser.HtmlTreeBuilderState$Anonymous8,anonymous,10,10,0,10,30,1,0,39,1,0.0,0.0,0.0,2,0,0,0,0,2,2,0,0,0,0,0,0,0,0,0,0,0,5,124,20,0,1,0,1,16,0,4,0,4,4,0,0,0,25,-1,7
/home/alison/jsoup-quality-analysis/work/jsoup/src/main/java/org/jsoup/nodes/Node.java,org.jsoup.nodes.Node,class,20,92,72,20,163,1,2,104,2530,0.8765432,0.0,0.0,81,1,60,2,15,4,79,10,1,0,4,2,0,0,0,4,2,0,42,445,83,15,45,1,11,9,25,72,8,55,3,0,0,0,427,1025,0
/home/alison/jsoup-quality-analysis/work/jsoup/src/main/java/org/jsoup/safety/Safelist.java,org.jsoup.safety.Safelist$TypedValue,innerclass,2,2,0,2,7,1,0,4,0,0.0,0.0,0.0,4,0,3,0,0,1,4,0,0,0,1,0,0,1,0,0,1,0,2,19,5,0,3,0,0,0,0,2,0,2,1,0,0,0,16,1032,0
/home/alison/jsoup-quality-analysis/work/jsoup/src/main/java/org/jsoup/parser/HtmlTreeBuilderState.java,org.jsoup.parser.HtmlTreeBuilderState,enum,14,30,16,14,9,1,0,17,6,0.75,NaN,NaN,4,3,0,3,0,1,1,1,0,0,1,1,0,1,0,0,1,0,3,1704,3,1,1,0,0,0,0,4,0,4,2,23,1,0,115,0,0
/home/alison/jsoup-quality-analysis/work/jsoup/src/main/java/org/jsoup/helper/DataUtil.java,org.jsoup.helper.DataUtil$CharsetDoc,innerclass,2,2,0,2,1,1,0,0,0,0.0,NaN,NaN,1,0,0,0,0,1,1,0,0,0,3,0,0,0,0,3,0,0,0,10,0,0,0,0,0,0,0,3,0,3,0,0,0,0,17,8,0
/home/alison/jsoup-quality-analysis/work/jsoup/src/main/java/org/jsoup/helper/AuthenticationHandler.java,org.jsoup.helper.AuthenticationHandler,class,6,9,3,6,9,2,0,9,1,0.5833334,0.0,0.0,3,0,1,0,0,2,4,0,1,0,4,2,0,0,0,4,1,0,1,53,4,0,2,1,0,1,2,9,0,8,1,0,2,0,55,0,0
/home/alison/jsoup-quality-analysis/work/jsoup/src/main/java/org/jsoup/select/Evaluator.java,org.jsoup.select.Evaluator$AttributeStarting,innerclass,6,6,0,6,6,2,0,7,0,0.25,0.0,0.0,4,0,3,0,1,0,4,0,0,0,1,0,0,1,0,0,1,0,4,20,4,1,0,0,0,1,1,2,0,2,2,0,0,0,20,25,0
/home/alison/jsoup-quality-analysis/work/jsoup/src/main/java/org/jsoup/parser/TokeniserState.java,org.jsoup.parser.TokeniserState$Anonymous40,anonymous,4,4,0,4,17,1,0,12,0,0.0,NaN,NaN,1,0,0,0,0,1,1,0,0,0,0,0,0,0,0,0,0,0,0,30,0,0,1,0,0,0,1,5,0,4,2,0,0,0,17,-1,2
/home/alison/jsoup-quality-analysis/work/jsoup/src/main/java/org/jsoup/nodes/DataNode.java,org.jsoup.nodes.DataNode,class,5,13,8,5,10,3,0,8,15,0.0,0.0,0.0,6,0,5,0,0,1,6,0,0,0,0,0,0,0,0,0,0,0,0,29,4,0,1,0,0,10,0,1,0,1,3,0,0,0,47,1,0
/home/alison/jsoup-quality-analysis/work/jsoup/src/main/java/org/jsoup/parser/TokeniserState.java,org.jsoup.parser.TokeniserState$Anonymous41,anonymous,4,4,0,4,11,1,0,6,0,0.0,NaN,NaN,1,0,0,0,0,1,1,0,0,0,0,0,0,0,0,0,0,0,0,21,0,0,0,0,0,0,0,1,0,1,2,0,0,0,14,-1,1
/home/alison/jsoup-quality-analysis/work/jsoup/src/main/java/org/jsoup/nodes/Attributes.java,org.jsoup.nodes.Attributes,class,14,40,26,14,126,2,0,54,366,0.8194444,0.0,0.0,48,4,30,6,0,12,42,0,1,0,9,6,0,3,1,5,6,0,38,402,52,12,44,1,3,5,35,89,13,66,3,1,1,0,308,1,0
/home/alison/jsoup-quality-analysis/work/jsoup/src/main/java/org/jsoup/helper/W3CDom.java,org.jsoup.helper.W3CDom,class,18,20,2,18,40,1,0,57,135,0.8888889,0.0,0.0,18,6,16,1,0,1,17,0,0,0,6,4,2,3,1,0,4,0,20,244,15,1,8,4,2,12,1,35,0,32,4,0,1,0,202,1,0
/home/alison/jsoup-quality-analysis/work/jsoup/src/main/java/org/jsoup/parser/XmlTreeBuilder.java,org.jsoup.parser.XmlTreeBuilder,class,33,36,3,33,57,2,0,88,217,0.90909094,0.0,0.0,22,3,1,3,3,15,19,0,0,0,4,3,0,2,0,2,4,0,5,190,13,6,8,0,0,7,12,44,7,39,3,0,0,0,131,1,0
/home/alison/jsoup-quality-analysis/work/jsoup/src/main/java/org/jsoup/helper/RequestExecutor.java,org.jsoup.helper.RequestExecutor,class,3,6,3,3,4,1,1,0,6,0.75,0.0,0.0,4,0,0,0,0,4,4,3,0,0,2,0,0,0,0,2,2,0,0,11,0,0,0,0,0,0,0,2,0,2,0,0,0,0,34,1024,0
/home/alison/jsoup-quality-analysis/work/jsoup/src/main/java/org/jsoup/nodes/Document.java,org.jsoup.nodes.Document$OutputSettings,innerclass,4,4,0,4,21,1,0,9,102,0.8487395,0.0,0.0,17,0,17,0,0,0,17,0,0,0,7,0,0,7,0,0,0,0,4,80,16,0,1,1,0,0,4,16,0,8,1,0,1,0,156,9,0
/home/alison/jsoup-quality-analysis/work/jsoup/src/main/java/org/jsoup/select/CombiningEvaluator.java,org.jsoup.select.CombiningEvaluator,class,2,7,5,2,11,6,4,11,0,0.65714294,0.0,0.0,7,0,1,0,2,4,7,0,0,0,5,0,0,0,0,5,2,0,1,105,2,3,0,0,0,0,3,8,0,5,2,0,2,0,18,1025,0
/home/alison/jsoup-quality-analysis/work/jsoup/src/main/java/org/jsoup/select/Evaluator.java,org.jsoup.select.Evaluator$ContainsData,innerclass,3,3,0,3,3,2,0,4,0,0.0,0.0,0.0,3,0,3,0,0,0,3,0,0,0,1,0,0,1,0,0,1,0,3,12,2,0,0,0,0,1,0,1,0,1,0,0,0,0,17,25,0
/home/alison/jsoup-quality-analysis/work/jsoup/src/main/java/org/jsoup/nodes/Printer.java,org.jsoup.nodes.Printer,class,13,17,4,13,14,4,2,18,0,0.4074074,0.0,0.0,9,1,2,0,0,7,9,0,0,0,3,0,0,0,0,3,3,0,3,164,3,0,1,0,0,0,1,5,1,5,2,0,2,0,27,0,0
/home/alison/jsoup-quality-analysis/work/jsoup/src/main/java/org/jsoup/internal/Normalizer.java,org.jsoup.internal.Normalizer,class,3,28,25,3,6,1,0,5,6,0.0,0.0,0.0,4,4,4,0,0,0,4,0,0,0,0,0,0,0,0,0,0,0,4,14,4,0,1,0,0,1,0,0,0,0,0,0,0,0,57,17,0
/home/alison/jsoup-quality-analysis/work/jsoup/src/main/java/org/jsoup/nodes/Attributes.java,org.jsoup.nodes.Attributes$Dataset$EntrySet,innerclass,1,1,0,1,3,3,0,1,1,0.0,0.0,0.0,2,0,2,0,0,0,2,0,0,0,0,0,0,0,0,0,0,0,0,11,2,1,0,0,0,0,1,2,0,2,1,0,0,0,8,2,0
/home/alison/jsoup-quality-analysis/work/jsoup/src/main/java/org/jsoup/nodes/Attributes.java,org.jsoup.nodes.Attributes$Dataset,innerclass,2,2,0,2,4,4,0,4,1,0.33333334,0.0,0.0,3,0,2,1,0,0,2,0,0,0,1,0,0,1,0,0,1,0,1,43,2,0,0,0,0,0,0,3,0,3,0,0,2,0,14,10,0
/home/alison/jsoup-quality-analysis/work/jsoup/src/main/java/org/jsoup/parser/TokeniserState.java,org.jsoup.parser.TokeniserState$Anonymous13,anonymous,5,5,0,5,13,1,0,12,1,0.0,NaN,NaN,2,0,0,1,0,1,1,0,0,0,0,0,0,0,0,0,0,0,0,32,1,0,0,0,0,1,0,2,0,2,2,0,0,0,18,-1,0
/home/alison/jsoup-quality-analysis/work/jsoup/src/main/java/org/jsoup/parser/TokeniserState.java,org.jsoup.parser.TokeniserState$Anonymous14,anonymous,2,2,0,2,2,1,0,5,0,0.0,NaN,NaN,1,0,0,0,0,1,1,0,0,0,0,0,0,0,0,0,0,0,0,12,0,0,0,0,0,0,0,0,0,0,1,0,0,0,9,-1,0
/home/alison/jsoup-quality-analysis/work/jsoup/src/main/java/org/jsoup/helper/Validate.java,org.jsoup.helper.Validate,class,4,58,54,4,40,1,0,4,210,0.0,0.0,0.0,21,20,19,1,0,1,20,0,0,0,0,0,0,0,0,0,0,0,7,69,5,1,14,0,0,9,3,0,0,0,2,0,0,0,106,17,0
/home/alison/jsoup-quality-analysis/work/jsoup/src/main/java/org/jsoup/parser/TokeniserState.java,org.jsoup.parser.TokeniserState$Anonymous15,anonymous,3,3,0,3,1,1,0,1,0,0.0,NaN,NaN,1,0,0,0,0,1,1,0,0,0,0,0,0,0,0,0,0,0,1,5,0,0,0,0,0,0,0,0,0,0,0,0,0,0,7,-1,0
/home/alison/jsoup-quality-analysis/work/jsoup/src/main/java/org/jsoup/parser/TokeniserState.java,org.jsoup.parser.TokeniserState$Anonymous16,anonymous,3,3,0,3,1,1,0,1,0,0.0,NaN,NaN,1,0,0,0,0,1,1,0,0,0,0,0,0,0,0,0,0,0,1,5,0,0,0,0,0,0,0,0,0,0,0,0,0,0,9,-1,0
/home/alison/jsoup-quality-analysis/work/jsoup/src/main/java/org/jsoup/select/StructuralEvaluator.java,org.jsoup.select.StructuralEvaluator$ImmediateParentRun,innerclass,5,5,0,5,11,3,0,10,0,0.33333334,0.0,0.0,6,0,2,0,2,2,6,0,0,0,2,0,0,0,0,2,1,0,1,36,6,2,2,0,0,1,3,8,1,4,2,0,0,0,49,8,0
/home/alison/jsoup-quality-analysis/work/jsoup/src/main/java/org/jsoup/parser/TokeniserState.java,org.jsoup.parser.TokeniserState$Anonymous10,anonymous,3,3,0,3,10,1,0,7,0,0.0,NaN,NaN,1,0,0,0,0,1,1,0,0,0,0,0,0,0,0,0,0,0,0,22,0,0,0,0,0,0,0,2,0,2,1,0,0,0,17,-1,0
/home/alison/jsoup-quality-analysis/work/jsoup/src/main/java/org/jsoup/parser/TokeniserState.java,org.jsoup.parser.TokeniserState$Anonymous11,anonymous,3,3,0,3,6,1,0,13,0,0.0,NaN,NaN,1,0,0,0,0,1,1,0,0,0,0,0,0,0,0,0,0,0,0,17,0,0,1,0,0,0,0,1,0,0,1,0,0,0,16,-1,0
/home/alison/jsoup-quality-analysis/work/jsoup/src/main/java/org/jsoup/parser/TokeniserState.java,org.jsoup.parser.TokeniserState$Anonymous12,anonymous,4,4,0,4,2,1,0,8,0,0.0,NaN,NaN,1,0,0,0,0,1,1,0,0,0,0,0,0,0,0,0,0,0,0,14,0,0,0,0,0,1,0,0,0,0,1,0,0,0,15,-1,0
/home/alison/jsoup-quality-analysis/work/jsoup/src/main/java/org/jsoup/parser/HtmlTreeBuilder.java,org.jsoup.parser.HtmlTreeBuilder$NoscriptState,innerclass,3,3,0,3,1,1,0,0,0,0.0,NaN,NaN,1,0,0,0,0,1,1,0,0,0,2,0,0,0,0,2,2,0,0,8,0,0,0,0,0,0,0,2,0,2,0,0,0,0,15,26,0
/home/alison/jsoup-quality-analysis/work/jsoup/src/main/java/org/jsoup/select/StructuralEvaluator.java,org.jsoup.select.StructuralEvaluator$Is,innerclass,4,4,0,4,4,3,0,3,6,0.0,0.0,0.0,4,0,2,0,1,1,4,0,0,0,0,0,0,0,0,0,0,0,1,14,3,0,0,0,0,1,1,0,1,0,0,0,0,0,18,8,0
/home/alison/jsoup-quality-analysis/work/jsoup/src/main/java/org/jsoup/parser/TokeniserState.java,org.jsoup.parser.TokeniserState$Anonymous17,anonymous,2,2,0,2,4,1,0,7,0,0.0,NaN,NaN,1,0,0,0,0,1,1,0,0,0,0,0,0,0,0,0,0,0,0,19,0,0,0,0,0,1,0,0,0,0,1,0,0,0,12,-1,0
/home/alison/jsoup-quality-analysis/work/jsoup/src/main/java/org/jsoup/parser/TokeniserState.java,org.jsoup.parser.TokeniserState$Anonymous18,anonymous,3,3,0,3,1,1,0,1,0,0.0,NaN,NaN,1,0,0,0,0,1,1,0,0,0,0,0,0,0,0,0,0,0,1,5,0,0,0,0,0,0,0,0,0,0,0,0,0,0,7,-1,0
/home/alison/jsoup-quality-analysis/work/jsoup/src/main/java/org/jsoup/parser/TokeniserState.java,org.jsoup.parser.TokeniserState$Anonymous19,anonymous,3,3,0,3,1,1,0,1,0,0.0,NaN,NaN,1,0,0,0,0,1,1,0,0,0,0,0,0,0,0,0,0,0,1,5,0,0,0,0,0,0,0,0,0,0,0,0,0,0,9,-1,0
/home/alison/jsoup-quality-analysis/work/jsoup/src/main/java/org/jsoup/select/Evaluator.java,org.jsoup.select.Evaluator$CssNthEvaluator,innerclass,4,4,0,4,13,2,0,4,9,0.5,0.0,0.0,6,0,4,0,2,0,6,2,0,0,2,0,0,0,2,0,2,0,1,24,4,0,6,0,5,3,6,5,4,5,1,0,0,0,26,1033,0
/home/alison/jsoup-quality-analysis/work/jsoup/src/main/java/org/jsoup/parser/Token.java,org.jsoup.parser.Token$Comment,innerclass,3,3,0,3,6,2,0,6,3,0.5833333,0.0,0.0,6,0,1,0,0,5,6,0,0,0,2,0,0,1,0,1,1,0,0,27,5,0,0,0,0,2,0,3,1,2,0,0,0,0,11,24,0
/home/alison/jsoup-quality-analysis/work/jsoup/src/main/java/org/jsoup/select/Evaluator.java,org.jsoup.select.Evaluator$IsFirstOfType,innerclass,1,1,0,1,2,4,0,0,1,0.0,0.0,0.0,2,0,2,0,0,0,2,0,0,0,0,0,0,0,0,0,0,0,0,8,1,0,0,0,0,1,2,0,0,0,0,0,0,0,8,25,0
/home/alison/jsoup-quality-analysis/work/jsoup/src/main/java/org/jsoup/helper/Regex.java,org.jsoup.helper.Regex$JdkMatcher,innerclass,1,1,0,1,2,1,0,1,0,0.0,0.0,0.0,2,0,1,0,0,1,2,0,0,0,1,0,0,1,0,0,1,0,0,9,1,0,0,0,0,0,0,1,0,1,0,0,0,0,4,26,0
/home/alison/jsoup-quality-analysis/work/jsoup/src/main/java/org/jsoup/nodes/Element.java,org.jsoup.nodes.Element$NodeList,innerclass,1,1,0,1,3,4,0,0,3,1.0,0.0,0.0,3,0,1,0,0,2,3,0,0,0,1,0,0,0,0,1,0,0,0,12,1,0,0,0,0,0,0,1,0,1,0,0,0,0,28,24,0
/home/alison/jsoup-quality-analysis/work/jsoup/src/main/java/org/jsoup/parser/TokeniserState.java,org.jsoup.parser.TokeniserState$Anonymous68,anonymous,3,3,0,3,1,1,0,1,0,0.0,NaN,NaN,1,0,0,0,0,1,1,0,0,0,0,0,0,0,0,0,0,0,1,5,0,0,0,0,0,0,0,0,0,0,0,0,0,0,8,-1,0
/home/alison/jsoup-quality-analysis/work/jsoup/src/main/java/org/jsoup/examples/Wikipedia.java,org.jsoup.examples.Wikipedia,class,7,8,1,7,3,1,0,9,1,0.0,NaN,NaN,2,2,1,1,0,0,1,0,0,0,0,0,0,0,0,0,0,0,4,13,0,1,0,0,0,5,0,2,0,2,1,0,0,0,38,1,0
/home/alison/jsoup-quality-analysis/work/jsoup/src/main/java/org/jsoup/parser/ParseError.java,org.jsoup.parser.ParseError,class,1,5,4,1,8,1,0,4,0,0.29166666,0.0,0.0,8,0,4,0,0,4,8,0,0,0,3,0,0,3,0,0,3,0,4,37,4,0,0,0,0,2,0,12,1,3,0,0,0,0,42,1,0
/home/alison/jsoup-quality-analysis/work/jsoup/src/main/java/org/jsoup/parser/TokeniserState.java,org.jsoup.parser.TokeniserState$Anonymous69,anonymous,4,4,0,4,3,1,0,7,0,0.0,NaN,NaN,1,0,0,0,0,1,1,0,0,0,0,0,0,0,0,0,0,0,0,10,0,0,0,0,0,2,0,1,0,1,1,0,0,0,7,-1,0
/home/alison/jsoup-quality-analysis/work/jsoup/src/main/java/org/jsoup/safety/Safelist.java,org.jsoup.safety.Safelist,class,12,16,4,12,66,5,0,87,138,0.7771429,0.0,0.0,25,6,20,4,0,1,21,0,0,0,7,2,0,7,0,0,6,0,56,302,31,13,5,0,0,180,2,51,0,51,3,0,5,4,306,1,0
/home/alison/jsoup-quality-analysis/work/jsoup/src/main/java/org/jsoup/parser/TokeniserState.java,org.jsoup.parser.TokeniserState$Anonymous64,anonymous,3,3,0,3,5,1,0,6,0,0.0,NaN,NaN,1,0,0,0,0,1,1,0,0,0,0,0,0,0,0,0,0,0,0,23,0,0,0,0,0,0,0,3,0,1,1,0,0,0,14,-1,2
/home/alison/jsoup-quality-analysis/work/jsoup/src/main/java/org/jsoup/parser/TokeniserState.java,org.jsoup.parser.TokeniserState$Anonymous65,anonymous,3,3,0,3,5,1,0,6,0,0.0,NaN,NaN,1,0,0,0,0,1,1,0,0,0,0,0,0,0,0,0,0,0,0,23,0,0,0,0,0,0,0,3,0,1,1,0,0,0,14,-1,2
/home/alison/jsoup-quality-analysis/work/jsoup/src/main/java/org/jsoup/parser/TokenData.java,org.jsoup.parser.TokenData,class,3,24,21,3,23,1,0,12,0,0.15,0.0,0.0,10,0,1,1,0,8,9,0,0,0,2,0,0,2,0,0,0,0,6,74,5,0,13,0,0,2,0,10,0,2,1,0,0,0,60,0,0
/home/alison/jsoup-quality-analysis/work/jsoup/src/main/java/org/jsoup/parser/TreeBuilder.java,org.jsoup.parser.TreeBuilder,class,23,53,30,23,68,1,2,68,338,0.87662345,0.0,0.0,33,0,0,0,0,33,33,4,2,0,14,0,0,2,1,11,1,0,6,208,28,2,15,0,0,2,7,39,2,29,4,0,0,0,196,1024,0
/home/alison/jsoup-quality-analysis/work/jsoup/src/main/java/org/jsoup/parser/TokeniserState.java,org.jsoup.parser.TokeniserState$Anonymous66,anonymous,2,2,0,2,10,1,0,5,0,0.0,NaN,NaN,1,0,0,0,0,1,1,0,0,0,0,0,0,0,0,0,0,0,0,26,0,0,1,0,0,0,0,3,0,1,2,0,0,0,13,-1,2
/home/alison/jsoup-quality-analysis/work/jsoup/src/main/java/org/jsoup/parser/TokeniserState.java,org.jsoup.parser.TokeniserState$Anonymous67,anonymous,2,2,0,2,3,1,0,3,0,0.0,NaN,NaN,1,0,0,0,0,1,1,0,0,0,0,0,0,0,0,0,0,0,0,14,0,0,0,0,0,0,0,1,0,1,1,0,0,0,7,-1,0
/home/alison/jsoup-quality-analysis/work/jsoup/src/main/java/org/jsoup/nodes/PseudoTextElement.java,org.jsoup.nodes.PseudoTextElement,class,5,6,1,5,3,3,0,0,3,0.0,0.0,0.0,3,0,1,0,0,2,3,0,0,0,0,0,0,0,0,0,0,0,0,9,0,0,0,0,0,0,0,0,0,0,0,0,0,0,35,1,0
/home/alison/jsoup-quality-analysis/work/jsoup/src/main/java/org/jsoup/parser/TokeniserState.java,org.jsoup.parser.TokeniserState$Anonymous1,anonymous,3,3,0,3,5,1,0,8,0,0.0,NaN,NaN,1,0,0,0,0,1,1,0,0,0,0,0,0,0,0,0,0,0,0,18,0,0,0,0,0,0,0,1,0,1,1,0,0,0,11,-1,1
/home/alison/jsoup-quality-analysis/work/jsoup/src/main/java/org/jsoup/select/Evaluator.java,org.jsoup.select.Evaluator$TagStartsWith,innerclass,2,2,0,2,3,2,0,3,0,0.0,0.0,0.0,3,0,3,0,0,0,3,0,0,0,1,0,0,1,0,0,1,0,1,12,2,0,0,0,1,1,0,1,0,1,0,0,0,0,18,25,0
/home/alison/jsoup-quality-analysis/work/jsoup/src/main/java/org/jsoup/parser/Parser.java,org.jsoup.parser.Parser,class,13,34,21,13,38,1,0,28,271,0.90000004,0.0,0.0,30,8,29,1,0,0,29,0,0,0,11,4,4,7,0,0,6,0,10,147,30,0,1,2,0,7,5,32,0,20,1,0,0,0,245,1,0
/home/alison/jsoup-quality-analysis/work/jsoup/src/main/java/org/jsoup/select/Evaluator.java,org.jsoup.select.Evaluator$IsEmpty,innerclass,7,7,0,7,8,2,0,3,1,0.0,0.0,0.0,2,0,2,0,0,0,2,0,0,0,0,0,0,0,0,0,0,0,0,14,4,1,1,0,2,1,0,2,0,1,3,0,0,0,19,25,0
/home/alison/jsoup-quality-analysis/work/jsoup/src/main/java/org/jsoup/parser/TokeniserState.java,org.jsoup.parser.TokeniserState$Anonymous7,anonymous,3,3,0,3,3,1,0,7,0,0.0,NaN,NaN,1,0,0,0,0,1,1,0,0,0,0,0,0,0,0,0,0,0,0,15,0,0,0,0,0,0,0,1,0,1,1,0,0,0,9,-1,1
/home/alison/jsoup-quality-analysis/work/jsoup/src/main/java/org/jsoup/parser/TokeniserState.java,org.jsoup.parser.TokeniserState$Anonymous6,anonymous,3,3,0,3,1,1,0,1,0,0.0,NaN,NaN,1,0,0,0,0,1,1,0,0,0,0,0,0,0,0,0,0,0,1,5,0,0,0,0,0,0,0,0,0,0,0,0,0,0,7,-1,0
/home/alison/jsoup-quality-analysis/work/jsoup/src/main/java/org/jsoup/parser/TokeniserState.java,org.jsoup.parser.TokeniserState$Anonymous9,anonymous,3,3,0,3,4,1,0,11,0,0.0,NaN,NaN,1,0,0,0,0,1,1,0,0,0,0,0,0,0,0,0,0,0,0,23,0,0,0,0,0,1,0,0,0,0,1,0,0,0,11,-1,2
/home/alison/jsoup-quality-analysis/work/jsoup/src/main/java/org/jsoup/select/Evaluator.java,org.jsoup.select.Evaluator$AttributeWithValueMatching,innerclass,6,6,0,6,5,2,0,8,0,0.2,0.0,0.0,5,0,4,0,1,0,5,0,0,0,2,0,0,0,0,2,2,0,3,20,3,0,0,0,0,1,1,2,0,2,0,0,0,0,21,25,0
/home/alison/jsoup-quality-analysis/work/jsoup/src/main/java/org/jsoup/parser/TokeniserState.java,org.jsoup.parser.TokeniserState$Anonymous8,anonymous,2,2,0,2,6,1,0,8,0,0.0,NaN,NaN,1,0,0,0,0,1,1,0,0,0,0,0,0,0,0,0,0,0,0,28,0,0,1,0,0,0,0,0,0,0,2,0,0,0,17,-1,1
/home/alison/jsoup-quality-analysis/work/jsoup/src/main/java/org/jsoup/nodes/Range.java,org.jsoup.nodes.Range$Position,innerclass,2,2,0,2,15,1,0,6,0,0.33333334,0.0,0.0,8,0,8,0,0,0,8,0,0,0,1,0,0,1,0,0,1,0,3,35,11,0,7,0,0,0,1,5,0,5,1,0,0,0,86,9,0
/home/alison/jsoup-quality-analysis/work/jsoup/src/main/java/org/jsoup/parser/TokeniserState.java,org.jsoup.parser.TokeniserState$Anonymous3,anonymous,3,3,0,3,5,1,0,8,0,0.0,NaN,NaN,1,0,0,0,0,1,1,0,0,0,0,0,0,0,0,0,0,0,0,19,0,0,0,0,0,0,0,1,0,1,1,0,0,0,13,-1,1
/home/alison/jsoup-quality-analysis/work/jsoup/src/main/java/org/jsoup/helper/Re2jRegex.java,org.jsoup.helper.Re2jRegex,class,6,8,2,6,6,2,0,5,0,0.5833333,0.0,0.0,4,1,3,1,0,0,3,0,0,0,3,2,0,3,0,0,3,0,1,40,3,0,0,1,0,3,0,3,1,3,1,0,1,0,37,16,0
/home/alison/jsoup-quality-analysis/work/jsoup/src/main/java/org/jsoup/parser/TokeniserState.java,org.jsoup.parser.TokeniserState$Anonymous2,anonymous,3,3,0,3,1,1,0,1,0,0.0,NaN,NaN,1,0,0,0,0,1,1,0,0,0,0,0,0,0,0,0,0,0,1,5,0,0,0,0,0,0,0,0,0,0,0,0,0,0,7,-1,0
/home/alison/jsoup-quality-analysis/work/jsoup/src/main/java/org/jsoup/parser/TokeniserState.java,org.jsoup.parser.TokeniserState$Anonymous5,anonymous,3,3,0,3,1,1,0,1,0,0.0,NaN,NaN,1,0,0,0,0,1,1,0,0,0,0,0,0,0,0,0,0,0,1,5,0,0,0,0,0,0,0,0,0,0,0,0,0,0,7,-1,0
/home/alison/jsoup-quality-analysis/work/jsoup/src/main/java/org/jsoup/parser/TokeniserState.java,org.jsoup.parser.TokeniserState$Anonymous4,anonymous,3,3,0,3,1,1,0,1,0,0.0,NaN,NaN,1,0,0,0,0,1,1,0,0,0,0,0,0,0,0,0,0,0,1,5,0,0,0,0,0,0,0,0,0,0,0,0,0,0,7,-1,0
/home/alison/jsoup-quality-analysis/work/jsoup/src/main/java/org/jsoup/examples/ListLinks.java,org.jsoup.examples.ListLinks,class,8,9,1,8,9,1,0,15,3,0.0,NaN,NaN,3,3,1,2,0,0,1,0,0,0,0,0,0,0,0,0,0,0,13,31,2,3,1,0,0,22,6,5,2,5,2,0,0,0,49,1,0
/home/alison/jsoup-quality-analysis/work/jsoup/src/main/java/org/jsoup/select/Evaluator.java,org.jsoup.select.Evaluator$IsNthChild,innerclass,2,2,0,2,3,3,0,1,3,0.0,0.0,0.0,3,0,1,0,2,0,3,0,0,0,0,0,0,0,0,0,0,0,0,11,2,0,0,0,0,1,1,0,1,0,0,0,0,0,18,25,0
/home/alison/jsoup-quality-analysis/work/jsoup/src/main/java/org/jsoup/parser/HtmlTreeBuilderState.java,org.jsoup.parser.HtmlTreeBuilderState$Constants,innerclass,0,0,0,0,0,1,0,0,0,NaN,-1.0,-1.0,0,0,0,0,0,0,0,0,0,0,37,37,0,0,0,37,37,0,0,39,0,0,0,0,0,294,0,37,0,37,0,0,0,0,43,24,0
/home/alison/jsoup-quality-analysis/work/jsoup/src/main/java/org/jsoup/safety/Safelist.java,org.jsoup.safety.Safelist$TagName,innerclass,3,3,0,3,2,2,0,1,1,0.0,0.0,0.0,2,1,0,0,0,2,2,0,0,0,0,0,0,0,0,0,0,0,1,8,1,0,0,0,0,0,0,0,0,0,0,0,0,0,6,8,0
/home/alison/jsoup-quality-analysis/work/jsoup/src/main/java/org/jsoup/helper/AuthenticationHandler.java,org.jsoup.helper.AuthenticationHandler$AuthShim,interface,3,3,0,3,3,1,0,0,3,0.0,0.0,0.0,3,0,0,0,0,3,3,0,0,0,0,0,0,0,0,0,0,0,0,5,0,0,0,0,0,0,0,0,0,0,0,0,0,0,14,0,0
/home/alison/jsoup-quality-analysis/work/jsoup/src/main/java/org/jsoup/select/Evaluator.java,org.jsoup.select.Evaluator$Class,innerclass,2,2,0,2,4,2,0,2,0,0.25,0.0,0.0,4,0,3,0,1,0,4,0,0,0,1,0,0,1,0,0,1,0,1,15,3,0,0,0,1,1,1,1,0,1,0,0,0,0,10,25,0
/home/alison/jsoup-quality-analysis/work/jsoup/src/main/java/org/jsoup/nodes/Attributes.java,org.jsoup.nodes.Attributes$Anonymous1,anonymous,3,3,0,3,10,1,0,3,0,0.375,0.0,0.0,4,0,3,1,0,0,3,0,0,0,2,0,0,0,0,2,0,0,1,30,2,1,3,0,0,1,1,5,0,5,2,0,0,0,27,-1,0
/home/alison/jsoup-quality-analysis/work/jsoup/src/main/java/org/jsoup/select/StructuralEvaluator.java,org.jsoup.select.StructuralEvaluator$Has,innerclass,11,11,0,11,17,3,0,12,13,0.75,0.0,0.0,6,1,3,1,1,1,5,0,0,0,2,1,0,1,0,1,2,0,2,50,8,3,3,1,0,2,1,7,1,6,3,0,0,1,33,8,0
/home/alison/jsoup-quality-analysis/work/jsoup/src/main/java/org/jsoup/nodes/Printer.java,org.jsoup.nodes.Printer$Pretty,innerclass,12,12,0,12,61,2,0,31,69,0.75,0.0,0.0,14,6,0,0,0,14,14,0,0,0,2,1,0,1,0,1,1,0,11,107,20,6,10,0,12,1,4,29,0,14,3,0,0,0,64,8,0
/home/alison/jsoup-quality-analysis/work/jsoup/src/main/java/org/jsoup/parser/Token.java,org.jsoup.parser.Token,class,10,44,34,10,26,14,10,2,136,0.8249999,0.0,0.0,20,0,0,1,0,19,19,0,13,0,3,1,0,0,0,3,2,0,0,424,17,0,6,0,0,0,1,7,0,4,0,0,10,0,45,1024,0
/home/alison/jsoup-quality-analysis/work/jsoup/src/main/java/org/jsoup/safety/Cleaner.java,org.jsoup.safety.Cleaner$CleaningVisitor,innerclass,8,8,0,8,11,1,0,9,0,0.33333334,0.0,0.0,3,0,2,1,0,0,2,0,0,0,3,0,0,3,0,0,1,0,0,42,0,0,1,0,0,0,1,13,0,10,2,0,0,0,30,18,0
/home/alison/jsoup-quality-analysis/work/jsoup/src/main/java/org/jsoup/select/Evaluator.java,org.jsoup.select.Evaluator$AttributeKeyPair,innerclass,3,3,0,3,3,2,0,9,0,0.0,0.0,0.0,2,0,2,0,0,0,2,0,0,0,2,0,0,0,0,2,2,0,5,18,0,0,0,0,0,5,3,4,1,3,1,0,0,0,35,1033,0
/home/alison/jsoup-quality-analysis/work/jsoup/src/main/java/org/jsoup/select/Evaluator.java,org.jsoup.select.Evaluator$ContainsWholeOwnText,innerclass,2,2,0,2,3,2,0,3,0,0.0,0.0,0.0,3,0,3,0,0,0,3,0,0,0,1,0,0,1,0,0,1,0,1,12,2,0,0,0,0,1,0,1,0,1,0,0,0,0,23,25,0
/home/alison/jsoup-quality-analysis/work/jsoup/src/main/java/org/jsoup/select/Evaluator.java,org.jsoup.select.Evaluator$IsNthLastOfType,innerclass,3,3,0,3,6,3,0,4,3,0.0,0.0,0.0,3,0,1,0,2,0,3,0,0,0,0,0,0,0,0,0,0,0,0,19,3,1,2,0,0,1,2,4,0,3,2,0,0,0,21,9,0
/home/alison/jsoup-quality-analysis/work/jsoup/src/main/java/org/jsoup/internal/QuietAppendable.java,org.jsoup.internal.QuietAppendable$StringBuilderAppendable,innerclass,3,3,0,3,5,2,0,4,0,0.0,0.0,0.0,5,0,4,1,0,0,4,0,0,0,1,0,0,1,0,0,1,0,0,21,4,0,0,0,0,0,0,1,0,1,0,0,0,0,22,24,0
/home/alison/jsoup-quality-analysis/work/jsoup/src/main/java/org/jsoup/parser/Tag.java,org.jsoup.parser.Tag,class,6,23,17,6,55,1,0,15,129,0.8878676,0.0,0.0,34,4,28,0,1,5,34,0,0,0,16,11,11,1,0,4,0,0,11,146,35,0,17,1,12,1,38,28,11,19,1,0,0,0,225,1,0
/home/alison/jsoup-quality-analysis/work/jsoup/src/main/java/org/jsoup/parser/Token.java,org.jsoup.parser.Token$Character,innerclass,3,3,0,3,10,2,0,10,0,0.5625,0.0,0.0,8,0,2,0,0,6,8,0,0,0,2,1,0,1,0,1,2,0,1,38,6,0,1,0,1,1,1,6,0,3,1,0,0,0,26,8,0
/home/alison/jsoup-quality-analysis/work/jsoup/src/main/java/org/jsoup/select/Evaluator.java,org.jsoup.select.Evaluator$IsLastOfType,innerclass,1,1,0,1,2,4,0,0,1,0.0,0.0,0.0,2,0,2,0,0,0,2,0,0,0,0,0,0,0,0,0,0,0,0,8,1,0,0,0,0,1,2,0,0,0,0,0,0,0,8,25,0
/home/alison/jsoup-quality-analysis/work/jsoup/src/main/java/org/jsoup/select/Evaluator.java,org.jsoup.select.Evaluator$Attribute,innerclass,3,3,0,3,4,2,0,2,0,0.25,0.0,0.0,4,0,3,0,1,0,4,0,0,0,1,0,0,1,0,0,1,0,1,15,3,0,0,0,0,1,1,1,0,1,0,0,0,0,12,25,0
/home/alison/jsoup-quality-analysis/work/jsoup/src/main/java/org/jsoup/internal/StringUtil.java,org.jsoup.internal.StringUtil$StringJoiner,innerclass,4,4,0,4,5,1,0,5,0,0.5,0.0,0.0,4,0,4,0,0,0,4,0,0,0,3,0,0,0,0,3,1,0,4,25,3,0,0,0,0,0,0,6,0,4,1,0,0,0,62,9,0
/home/alison/jsoup-quality-analysis/work/jsoup/src/main/java/org/jsoup/select/NodeFilter.java,org.jsoup.select.NodeFilter$FilterResult,enum,0,0,0,0,0,1,0,0,0,0.0,-1.0,-1.0,0,0,0,0,0,0,0,0,0,0,0,0,0,0,0,0,0,0,0,6,0,0,0,0,0,0,0,0,0,0,0,0,0,0,22,0,0
/home/alison/jsoup-quality-analysis/work/jsoup/src/main/java/org/jsoup/Connection.java,org.jsoup.Connection$KeyVal,interface,2,2,0,2,9,1,0,0,36,0.0,0.0,0.0,9,0,0,0,0,9,9,0,0,0,0,0,0,0,0,0,0,0,0,11,0,0,0,0,0,0,0,0,0,0,0,0,0,0,58,0,0
/home/alison/jsoup-quality-analysis/work/jsoup/src/main/java/org/jsoup/nodes/Entities.java,org.jsoup.nodes.Entities,class,11,18,7,11,85,1,0,48,176,0.91496605,0.0,0.0,21,20,8,11,0,2,10,0,0,0,14,14,0,8,0,6,14,0,28,247,22,3,23,1,12,12,47,59,1,40,4,0,2,1,198,1,0
/home/alison/jsoup-quality-analysis/work/jsoup/src/main/java/org/jsoup/internal/SharedConstants.java,org.jsoup.internal.SharedConstants,class,0,0,0,0,1,1,0,0,0,1.0,-1.0,-1.0,1,0,0,1,0,0,0,0,0,0,11,11,11,0,0,0,11,0,0,15,0,0,0,0,0,14,2,11,1,11,0,0,0,0,47,17,0
/home/alison/jsoup-quality-analysis/work/jsoup/src/main/java/org/jsoup/parser/Token.java,org.jsoup.parser.Token$CData,innerclass,1,1,0,1,2,3,0,2,1,0.0,0.0,0.0,2,0,1,0,0,1,2,0,0,0,0,0,0,0,0,0,0,0,0,9,1,0,0,0,0,2,0,0,1,0,0,0,0,0,7,24,0
/home/alison/jsoup-quality-analysis/work/jsoup/src/main/java/org/jsoup/select/Evaluator.java,org.jsoup.select.Evaluator$AttributeWithValueContaining,innerclass,4,4,0,4,4,3,0,5,6,0.0,0.0,0.0,4,0,3,0,1,0,4,0,0,0,0,0,0,0,0,0,0,0,2,14,3,0,0,0,0,1,1,0,0,0,0,0,0,0,21,25,0
/home/alison/jsoup-quality-analysis/work/jsoup/src/main/java/org/jsoup/select/Elements.java,org.jsoup.select.Elements,class,17,29,12,17,102,5,0,61,1770,0.0,0.0,0.0,60,0,58,2,0,0,58,0,0,0,0,0,0,0,0,0,0,0,13,273,61,26,3,0,0,5,2,14,0,13,3,0,0,0,323,1,0
/home/alison/jsoup-quality-analysis/work/jsoup/src/main/java/org/jsoup/select/Evaluator.java,org.jsoup.select.Evaluator$AllElements,innerclass,2,2,0,2,3,2,0,0,3,0.0,0.0,0.0,3,0,2,0,1,0,3,0,0,0,0,0,0,0,0,0,0,0,0,11,3,0,0,0,0,1,1,0,0,0,0,0,0,0,13,25,0
/home/alison/jsoup-quality-analysis/work/jsoup/src/main/java/org/jsoup/parser/TokeniserState.java,org.jsoup.parser.TokeniserState$Anonymous46,anonymous,3,3,0,3,5,1,0,7,0,0.0,NaN,NaN,1,0,0,0,0,1,1,0,0,0,0,0,0,0,0,0,0,0,0,23,0,0,0,0,0,0,0,1,0,1,1,0,0,0,12,-1,2
/home/alison/jsoup-quality-analysis/work/jsoup/src/main/java/org/jsoup/parser/TokeniserState.java,org.jsoup.parser.TokeniserState$Anonymous47,anonymous,3,3,0,3,5,1,0,6,0,0.0,NaN,NaN,1,0,0,0,0,1,1,0,0,0,0,0,0,0,0,0,0,0,0,23,0,0,0,0,0,0,0,1,0,1,1,0,0,0,11,-1,2
/home/alison/jsoup-quality-analysis/work/jsoup/src/main/java/org/jsoup/parser/TokeniserState.java,org.jsoup.parser.TokeniserState$Anonymous48,anonymous,3,3,0,3,4,1,0,10,0,0.0,NaN,NaN,1,0,0,0,0,1,1,0,0,0,0,0,0,0,0,0,0,0,0,18,0,0,0,0,0,0,0,1,0,1,1,0,0,0,12,-1,1
/home/alison/jsoup-quality-analysis/work/jsoup/src/main/java/org/jsoup/parser/TokeniserState.java,org.jsoup.parser.TokeniserState$Anonymous49,anonymous,3,3,0,3,4,1,0,6,0,0.0,NaN,NaN,1,0,0,0,0,1,1,0,0,0,0,0,0,0,0,0,0,0,0,19,0,0,0,0,0,0,0,1,0,1,1,0,0,0,11,-1,1
/home/alison/jsoup-quality-analysis/work/jsoup/src/main/java/org/jsoup/parser/TokeniserState.java,org.jsoup.parser.TokeniserState$Anonymous42,anonymous,2,2,0,2,3,1,0,6,0,0.0,NaN,NaN,1,0,0,0,0,1,1,0,0,0,0,0,0,0,0,0,0,0,0,17,0,0,0,0,0,0,0,2,0,1,1,0,0,0,11,-1,1
/home/alison/jsoup-quality-analysis/work/jsoup/src/main/java/org/jsoup/nodes/TextNode.java,org.jsoup.nodes.TextNode,class,8,25,17,8,19,3,1,19,91,0.0,0.0,0.0,14,4,10,0,0,4,14,0,0,0,0,0,0,0,0,0,0,0,7,55,12,0,3,0,0,5,5,6,2,5,1,0,0,0,109,1,0
/home/alison/jsoup-quality-analysis/work/jsoup/src/main/java/org/jsoup/parser/TokeniserState.java,org.jsoup.parser.TokeniserState$Anonymous43,anonymous,3,3,0,3,3,1,0,6,0,0.0,NaN,NaN,1,0,0,0,0,1,1,0,0,0,0,0,0,0,0,0,0,0,0,11,0,0,2,0,0,0,0,1,0,1,1,0,0,0,8,-1,0
/home/alison/jsoup-quality-analysis/work/jsoup/src/main/java/org/jsoup/parser/TokeniserState.java,org.jsoup.parser.TokeniserState$Anonymous44,anonymous,3,3,0,3,7,1,0,11,0,0.0,NaN,NaN,1,0,0,0,0,1,1,0,0,0,0,0,0,0,0,0,0,0,0,34,0,0,1,0,0,4,0,0,0,0,2,0,0,0,15,-1,2
/home/alison/jsoup-quality-analysis/work/jsoup/src/main/java/org/jsoup/select/Evaluator.java,org.jsoup.select.Evaluator$AttributeWithValue,innerclass,3,3,0,3,4,3,0,4,6,0.0,0.0,0.0,4,0,3,0,1,0,4,0,0,0,0,0,0,0,0,0,0,0,1,14,3,0,0,0,0,1,1,0,0,0,0,0,0,0,17,25,0
/home/alison/jsoup-quality-analysis/work/jsoup/src/main/java/org/jsoup/parser/TokeniserState.java,org.jsoup.parser.TokeniserState$Anonymous45,anonymous,3,3,0,3,2,1,0,6,0,0.0,NaN,NaN,1,0,0,0,0,1,1,0,0,0,0,0,0,0,0,0,0,0,0,14,0,0,0,0,0,0,0,0,0,0,1,0,0,0,10,-1,1
/home/alison/jsoup-quality-analysis/work/jsoup/src/main/java/org/jsoup/select/Evaluator.java,org.jsoup.select.Evaluator$AttributeWithValueNot,innerclass,3,3,0,3,4,3,0,3,6,0.0,0.0,0.0,4,0,3,0,1,0,4,0,0,0,0,0,0,0,0,0,0,0,1,14,3,0,0,0,0,1,1,0,0,0,0,0,0,0,18,25,0
/home/alison/jsoup-quality-analysis/work/jsoup/src/main/java/org/jsoup/internal/QuietAppendable.java,org.jsoup.internal.QuietAppendable$BaseAppendable,innerclass,5,5,0,5,6,2,0,4,0,0.2,0.0,0.0,5,0,3,2,0,0,3,0,0,0,1,0,0,1,0,0,1,0,0,27,4,0,0,1,0,0,0,1,0,1,1,0,1,3,19,24,0
/home/alison/jsoup-quality-analysis/work/jsoup/src/main/java/org/jsoup/nodes/Range.java,org.jsoup.nodes.Range$Spans,innerclass,5,5,0,5,38,1,0,14,0,0.66071427,0.0,0.0,16,2,2,7,0,7,9,0,0,0,7,1,0,7,0,0,1,0,12,108,18,0,12,0,0,2,24,42,13,25,1,0,0,0,104,24,0
/home/alison/jsoup-quality-analysis/work/jsoup/src/main/java/org/jsoup/parser/ParseErrorList.java,org.jsoup.parser.ParseErrorList,class,2,8,6,2,8,4,0,2,1,0.6190476,0.0,0.0,7,2,3,0,0,4,7,0,0,0,3,1,0,3,0,0,3,0,0,28,5,0,0,0,0,0,3,3,0,3,0,0,0,0,42,1,0
/home/alison/jsoup-quality-analysis/work/jsoup/src/main/java/org/jsoup/SerializationException.java,org.jsoup.SerializationException,class,0,1,1,0,4,4,0,0,6,0.0,0.0,0.0,4,0,4,0,0,0,4,0,0,0,0,0,0,0,0,0,0,0,0,14,0,0,0,0,0,0,0,0,0,0,0,0,0,0,44,17,0
/home/alison/jsoup-quality-analysis/work/jsoup/src/main/java/org/jsoup/select/CombiningEvaluator.java,org.jsoup.select.CombiningEvaluator$Or,innerclass,6,6,0,6,11,3,0,8,15,0.0,0.0,0.0,6,0,4,0,0,2,6,0,0,0,0,0,0,0,0,0,0,0,2,31,5,2,0,0,0,1,3,4,0,4,2,0,0,0,44,25,0
/home/alison/jsoup-quality-analysis/work/jsoup/src/main/java/org/jsoup/select/Evaluator.java,org.jsoup.select.Evaluator$ContainsText,innerclass,4,4,0,4,4,2,0,5,0,0.25,0.0,0.0,4,0,3,0,1,0,4,0,0,0,1,0,0,1,0,0,1,0,4,15,3,0,0,0,0,1,1,1,0,1,0,0,0,0,19,25,0
/home/alison/jsoup-quality-analysis/work/jsoup/src/main/java/org/jsoup/Connection.java,org.jsoup.Connection$Base,interface,4,4,0,4,18,1,0,0,153,0.0,0.0,0.0,18,0,0,0,0,18,18,0,0,0,0,0,0,0,0,0,0,0,0,20,0,0,0,0,0,1,0,0,0,0,0,0,0,0,148,0,0
/home/alison/jsoup-quality-analysis/work/jsoup/src/main/java/org/jsoup/parser/TokeniserState.java,org.jsoup.parser.TokeniserState$Anonymous50,anonymous,3,3,0,3,6,1,0,7,0,0.0,NaN,NaN,1,0,0,0,0,1,1,0,0,0,0,0,0,0,0,0,0,0,0,24,0,0,0,0,0,2,0,1,0,1,1,0,0,0,12,-1,1
/home/alison/jsoup-quality-analysis/work/jsoup/src/main/java/org/jsoup/Progress.java,org.jsoup.Progress,interface,1,6,5,1,1,1,0,0,0,0.0,NaN,NaN,1,0,0,0,0,1,1,0,0,0,0,0,0,0,0,0,0,0,0,3,0,0,0,0,0,0,0,0,0,0,0,0,0,0,42,1,0
/home/alison/jsoup-quality-analysis/work/jsoup/src/main/java/org/jsoup/parser/TokeniserState.java,org.jsoup.parser.TokeniserState$Anonymous51,anonymous,3,3,0,3,5,1,0,7,0,0.0,NaN,NaN,1,0,0,0,0,1,1,0,0,0,0,0,0,0,0,0,0,0,0,23,0,0,0,0,0,3,0,1,0,1,1,0,0,0,12,-1,1
/home/alison/jsoup-quality-analysis/work/jsoup/src/main/java/org/jsoup/select/Evaluator.java,org.jsoup.select.Evaluator$IsNthOfType,innerclass,3,3,0,3,7,3,0,6,3,0.0,0.0,0.0,3,0,1,0,2,0,3,0,0,0,0,0,0,0,0,0,0,0,0,20,3,1,2,0,0,1,3,5,0,5,2,0,0,0,26,9,0
/home/alison/jsoup-quality-analysis/work/jsoup/src/main/java/org/jsoup/select/Evaluator.java,org.jsoup.select.Evaluator$Id,innerclass,2,2,0,2,4,2,0,3,0,0.25,0.0,0.0,4,0,3,0,1,0,4,0,0,0,1,0,0,1,0,0,1,0,1,15,3,0,0,0,1,1,1,1,0,1,0,0,0,0,9,25,0
/home/alison/jsoup-quality-analysis/work/jsoup/src/main/java/org/jsoup/parser/TokeniserState.java,org.jsoup.parser.TokeniserState$Anonymous52,anonymous,2,2,0,2,8,1,0,6,0,0.0,NaN,NaN,1,0,0,0,0,1,1,0,0,0,0,0,0,0,0,0,0,0,0,18,0,0,0,0,0,0,0,2,0,1,1,0,0,0,11,-1,2
/home/alison/jsoup-quality-analysis/work/jsoup/src/main/java/org/jsoup/select/StructuralEvaluator.java,org.jsoup.select.StructuralEvaluator$PreviousSibling,innerclass,4,4,0,4,8,3,0,5,6,0.0,0.0,0.0,4,0,2,0,1,1,4,0,0,0,0,0,0,0,0,0,0,0,1,19,5,1,3,0,0,1,1,2,1,1,2,0,0,0,20,8,0
/home/alison/jsoup-quality-analysis/work/jsoup/src/main/java/org/jsoup/parser/TokeniserState.java,org.jsoup.parser.TokeniserState$Anonymous57,anonymous,2,2,0,2,10,1,0,5,0,0.0,NaN,NaN,1,0,0,0,0,1,1,0,0,0,0,0,0,0,0,0,0,0,0,25,0,0,0,0,0,0,0,4,0,1,1,0,0,0,15,-1,2
/home/alison/jsoup-quality-analysis/work/jsoup/src/main/java/org/jsoup/parser/TokeniserState.java,org.jsoup.parser.TokeniserState$Anonymous58,anonymous,3,3,0,3,5,1,0,6,0,0.0,NaN,NaN,1,0,0,0,0,1,1,0,0,0,0,0,0,0,0,0,0,0,0,23,0,0,0,0,0,0,0,3,0,1,1,0,0,0,14,-1,2
/home/alison/jsoup-quality-analysis/work/jsoup/src/main/java/org/jsoup/parser/TokeniserState.java,org.jsoup.parser.TokeniserState$Anonymous59,anonymous,3,3,0,3,5,1,0,6,0,0.0,NaN,NaN,1,0,0,0,0,1,1,0,0,0,0,0,0,0,0,0,0,0,0,23,0,0,0,0,0,0,0,3,0,1,1,0,0,0,14,-1,2
/home/alison/jsoup-quality-analysis/work/jsoup/src/main/java/org/jsoup/internal/QuietAppendable.java,org.jsoup.internal.QuietAppendable,class,4,24,20,4,5,3,4,0,6,0.0,0.0,0.0,4,1,4,0,0,0,4,3,0,0,0,0,0,0,0,0,0,0,0,57,2,0,0,0,0,0,0,0,0,0,1,0,2,0,30,1025,0
/home/alison/jsoup-quality-analysis/work/jsoup/src/main/java/org/jsoup/examples/HtmlToPlainText.java,org.jsoup.examples.HtmlToPlainText$FormattingVisitor,innerclass,5,5,0,5,18,1,0,14,4,0.6666667,0.0,0.0,4,0,3,1,0,0,3,0,0,0,3,1,0,3,0,0,1,0,4,44,2,1,2,0,2,32,7,14,5,9,4,0,0,0,22,10,0
/home/alison/jsoup-quality-analysis/work/jsoup/src/main/java/org/jsoup/select/NodeEvaluator.java,org.jsoup.select.NodeEvaluator$BlankValue,innerclass,3,3,0,3,3,3,0,2,3,0.0,0.0,0.0,3,0,1,0,1,1,3,0,0,0,0,0,0,0,0,0,0,0,1,11,3,0,0,0,0,1,1,0,0,0,0,0,0,0,17,8,0
/home/alison/jsoup-quality-analysis/work/jsoup/src/main/java/org/jsoup/parser/TokeniserState.java,org.jsoup.parser.TokeniserState$Anonymous53,anonymous,3,3,0,3,9,1,0,8,0,0.0,NaN,NaN,1,0,0,0,0,1,1,0,0,0,0,0,0,0,0,0,0,0,0,27,1,0,0,0,0,0,0,2,0,1,1,0,0,0,12,-1,1
/home/alison/jsoup-quality-analysis/work/jsoup/src/main/java/org/jsoup/select/Collector.java,org.jsoup.select.Collector,class,8,11,3,8,8,1,0,19,21,0.0,0.0,0.0,7,6,6,1,0,0,6,0,0,0,0,0,0,0,0,0,0,0,7,31,6,0,0,0,0,0,0,4,0,4,0,0,0,0,63,1,0
/home/alison/jsoup-quality-analysis/work/jsoup/src/main/java/org/jsoup/parser/TokeniserState.java,org.jsoup.parser.TokeniserState$Anonymous54,anonymous,3,3,0,3,10,1,0,9,0,0.0,NaN,NaN,1,0,0,0,0,1,1,0,0,0,0,0,0,0,0,0,0,0,0,26,1,0,0,0,0,0,0,3,0,2,1,0,0,0,14,-1,1
/home/alison/jsoup-quality-analysis/work/jsoup/src/main/java/org/jsoup/parser/TokeniserState.java,org.jsoup.parser.TokeniserState$Anonymous55,anonymous,2,2,0,2,8,1,0,10,0,0.0,NaN,NaN,1,0,0,0,0,1,1,0,0,0,0,0,0,0,0,0,0,0,0,33,1,0,1,0,0,0,0,5,0,0,2,0,0,0,16,-1,1
/home/alison/jsoup-quality-analysis/work/jsoup/src/main/java/org/jsoup/helper/ValidationException.java,org.jsoup.helper.ValidationException,class,2,7,5,2,4,5,0,8,1,0.5,0.0,0.0,2,0,2,0,0,0,2,0,0,1,1,1,1,0,0,0,1,0,0,17,1,1,0,0,0,0,1,3,0,3,2,0,0,0,24,1,0
/home/alison/jsoup-quality-analysis/work/jsoup/src/main/java/org/jsoup/nodes/Attributes.java,org.jsoup.nodes.Attributes$Dataset$DatasetIterator,innerclass,2,2,0,2,5,1,0,9,0,0.33333334,0.0,0.0,3,0,3,0,0,0,3,0,0,0,2,0,0,2,0,0,1,0,0,17,3,1,0,0,0,0,0,2,0,2,2,0,0,0,11,2,0
/home/alison/jsoup-quality-analysis/work/jsoup/src/main/java/org/jsoup/parser/TokeniserState.java,org.jsoup.parser.TokeniserState$Anonymous56,anonymous,2,2,0,2,10,1,0,5,0,0.0,NaN,NaN,1,0,0,0,0,1,1,0,0,0,0,0,0,0,0,0,0,0,0,28,0,0,0,0,0,0,0,4,0,1,1,0,0,0,16,-1,4
/home/alison/jsoup-quality-analysis/work/jsoup/src/main/java/org/jsoup/select/StructuralEvaluator.java,org.jsoup.select.StructuralEvaluator$Not,innerclass,4,4,0,4,4,3,0,3,6,0.0,0.0,0.0,4,0,2,0,1,1,4,0,0,0,0,0,0,0,0,0,0,0,1,14,3,0,0,0,0,1,1,0,1,0,0,0,0,0,14,8,0
/home/alison/jsoup-quality-analysis/work/jsoup/src/main/java/org/jsoup/nodes/NodeInternals.java,org.jsoup.nodes.NodeInternals,class,7,12,5,7,8,1,0,9,10,0.0,0.0,0.0,5,4,4,1,0,0,4,0,0,0,0,0,0,0,0,0,0,0,7,25,0,0,2,0,0,0,0,2,0,2,1,0,0,0,55,17,0
/home/alison/jsoup-quality-analysis/work/jsoup/src/main/java/org/jsoup/parser/CharacterReader.java,org.jsoup.parser.CharacterReader,class,8,86,78,8,165,1,0,49,202,0.8893442,0.0,0.0,61,2,17,7,0,37,54,0,0,0,20,8,0,17,0,3,8,0,21,460,78,21,33,2,1,7,47,111,33,85,3,0,1,3,302,17,0
/home/alison/jsoup-quality-analysis/work/jsoup/src/main/java/org/jsoup/select/Evaluator.java,org.jsoup.select.Evaluator$IsFirstChild,innerclass,3,3,0,3,4,2,0,2,1,0.0,0.0,0.0,2,0,2,0,0,0,2,0,0,0,0,0,0,0,0,0,0,0,0,9,2,0,2,0,1,1,0,1,0,1,0,0,0,0,18,25,0
/home/alison/jsoup-quality-analysis/work/jsoup/src/main/java/org/jsoup/parser/TokeniserState.java,org.jsoup.parser.TokeniserState$Anonymous60,anonymous,2,2,0,2,10,1,0,5,0,0.0,NaN,NaN,1,0,0,0,0,1,1,0,0,0,0,0,0,0,0,0,0,0,0,26,0,0,0,0,0,0,0,3,0,1,1,0,0,0,19,-1,3
/home/alison/jsoup-quality-analysis/work/jsoup/src/main/java/org/jsoup/parser/TokeniserState.java,org.jsoup.parser.TokeniserState$Anonymous61,anonymous,2,2,0,2,12,1,0,5,0,0.0,NaN,NaN,1,0,0,0,0,1,1,0,0,0,0,0,0,0,0,0,0,0,0,34,0,0,1,0,0,0,0,5,0,1,2,0,0,0,18,-1,4
/home/alison/jsoup-quality-analysis/work/jsoup/src/main/java/org/jsoup/parser/TokeniserState.java,org.jsoup.parser.TokeniserState$Anonymous62,anonymous,2,2,0,2,10,1,0,5,0,0.0,NaN,NaN,1,0,0,0,0,1,1,0,0,0,0,0,0,0,0,0,0,0,0,28,0,0,0,0,0,0,0,4,0,1,1,0,0,0,15,-1,4
/home/alison/jsoup-quality-analysis/work/jsoup/src/main/java/org/jsoup/parser/TokeniserState.java,org.jsoup.parser.TokeniserState$Anonymous63,anonymous,2,2,0,2,10,1,0,5,0,0.0,NaN,NaN,1,0,0,0,0,1,1,0,0,0,0,0,0,0,0,0,0,0,0,25,0,0,0,0,0,0,0,4,0,1,1,0,0,0,15,-1,2
/home/alison/jsoup-quality-analysis/work/jsoup/src/main/java/org/jsoup/select/StructuralEvaluator.java,org.jsoup.select.StructuralEvaluator$Root,innerclass,2,2,0,2,4,2,0,0,3,0.0,0.0,0.0,3,0,2,0,1,0,3,0,0,0,0,0,0,0,0,0,0,0,0,11,3,0,1,0,0,1,1,0,0,0,0,0,0,0,9,8,0
/home/alison/jsoup-quality-analysis/work/jsoup/src/main/java/org/jsoup/helper/HttpConnection.java,org.jsoup.helper.HttpConnection$Response,innerclass,27,27,0,27,134,2,0,133,225,0.8854166,0.0,0.0,30,10,13,7,0,10,23,0,0,0,16,4,0,11,0,5,5,0,52,389,32,9,43,5,13,49,46,87,8,62,3,0,0,0,309,9,0
/home/alison/jsoup-quality-analysis/work/jsoup/src/main/java/org/jsoup/select/NodeVisitor.java,org.jsoup.select.NodeVisitor,interface,2,17,15,2,3,1,0,1,3,0.0,0.0,0.0,3,0,0,0,0,3,3,0,0,0,0,0,0,0,0,0,0,0,1,8,0,0,0,0,0,0,0,0,0,0,0,0,0,0,135,1,0
/home/alison/jsoup-quality-analysis/work/jsoup/src/main/java/org/jsoup/select/NodeEvaluator.java,org.jsoup.select.NodeEvaluator,class,5,10,5,5,4,10,8,1,6,0.0,0.0,0.0,4,0,1,0,0,3,4,1,0,0,0,0,0,0,0,0,0,0,0,71,3,0,0,0,0,0,0,0,0,0,0,0,4,0,13,1024,0
/home/alison/jsoup-quality-analysis/work/jsoup/src/main/java/org/jsoup/safety/Safelist.java,org.jsoup.safety.Safelist$Protocol,innerclass,2,2,0,2,2,2,0,0,1,0.0,0.0,0.0,2,1,0,0,0,2,2,0,0,0,0,0,0,0,0,0,0,0,0,8,1,0,0,0,0,0,0,0,0,0,0,0,0,0,5,8,0
/home/alison/jsoup-quality-analysis/work/jsoup/src/main/java/org/jsoup/parser/CharacterReader.java,org.jsoup.parser.CharacterReader$CharPredicate,interface,0,0,0,0,1,1,0,0,0,0.0,NaN,NaN,1,0,0,0,0,1,1,0,0,0,0,0,0,0,0,0,0,0,0,3,0,0,0,0,0,0,0,0,0,0,0,0,0,0,4,0,0
/home/alison/jsoup-quality-analysis/work/jsoup/src/main/java/org/jsoup/parser/Token.java,org.jsoup.parser.Token$EOF,innerclass,2,2,0,2,3,2,0,1,3,0.0,0.0,0.0,3,0,1,0,0,2,3,0,0,0,0,0,0,0,0,0,0,0,0,12,2,0,0,0,0,1,0,0,0,0,0,0,0,0,7,24,0
/home/alison/jsoup-quality-analysis/work/jsoup/src/main/java/org/jsoup/parser/Token.java,org.jsoup.parser.Token$StartTag,innerclass,6,6,0,6,7,3,0,8,6,0.0,0.0,0.0,4,0,1,0,0,3,4,0,0,0,0,0,0,0,0,0,0,0,1,21,4,0,0,0,0,5,1,4,2,1,1,0,0,0,22,24,0
/home/alison/jsoup-quality-analysis/work/jsoup/src/main/java/org/jsoup/select/Evaluator.java,org.jsoup.select.Evaluator$AttributeWithValueStarting,innerclass,4,4,0,4,4,3,0,5,6,0.0,0.0,0.0,4,0,3,0,1,0,4,0,0,0,0,0,0,0,0,0,0,0,2,14,3,0,0,0,0,1,1,0,0,0,0,0,0,0,21,25,0
/home/alison/jsoup-quality-analysis/work/jsoup/src/main/java/org/jsoup/parser/TagSet.java,org.jsoup.parser.TagSet,class,5,12,7,5,37,1,0,34,84,0.796875,0.0,0.0,16,3,10,4,0,2,12,0,0,0,4,1,0,3,0,1,3,0,11,136,19,4,12,0,1,212,4,36,0,41,2,0,0,15,180,1,0
/home/alison/jsoup-quality-analysis/work/jsoup/src/main/java/org/jsoup/nodes/DocumentType.java,org.jsoup.nodes.DocumentType,class,8,14,6,8,21,3,0,14,17,0.7428571,0.0,0.0,10,0,7,2,0,1,8,0,0,0,7,7,2,5,0,0,7,0,4,57,5,0,2,0,0,15,0,7,0,7,1,0,0,0,63,1,0
/home/alison/jsoup-quality-analysis/work/jsoup/src/main/java/org/jsoup/Connection.java,org.jsoup.Connection$Request,interface,6,6,0,6,28,1,0,0,378,0.0,0.0,0.0,28,0,0,0,0,28,28,0,0,0,0,0,0,0,0,0,0,0,0,40,0,0,0,0,0,1,0,0,0,0,0,0,0,0,161,0,0
/home/alison/jsoup-quality-analysis/work/jsoup/src/main/java/org/jsoup/examples/HtmlToPlainText.java,org.jsoup.examples.HtmlToPlainText,class,9,10,1,9,11,1,0,17,3,0.6666667,0.0,0.0,3,3,1,0,0,2,3,0,0,0,2,2,0,2,0,0,2,0,5,88,2,3,5,0,0,2,7,15,1,13,3,0,1,0,108,1,0
/home/alison/jsoup-quality-analysis/work/jsoup/src/main/java/org/jsoup/HttpStatusException.java,org.jsoup.HttpStatusException,class,0,1,1,0,3,4,0,0,0,0.33333334,0.0,0.0,3,0,3,0,0,0,3,0,0,0,2,0,0,2,0,0,2,0,0,15,2,0,0,0,0,3,0,2,1,2,0,0,0,0,25,1,0
/home/alison/jsoup-quality-analysis/work/jsoup/src/main/java/org/jsoup/select/QueryParser.java,org.jsoup.select.QueryParser,class,68,70,2,68,131,1,0,72,141,0.8508065,0.0,0.0,31,4,3,20,0,8,11,0,0,0,8,5,0,8,0,0,7,0,39,321,72,4,7,2,7,96,19,83,7,50,7,0,0,0,156,1,0
/home/alison/jsoup-quality-analysis/work/jsoup/src/main/java/org/jsoup/select/Evaluator.java,org.jsoup.select.Evaluator$MatchesWholeText,innerclass,4,4,0,4,5,2,0,5,0,0.2,0.0,0.0,5,0,4,0,1,0,5,0,0,0,1,0,0,1,0,0,1,0,2,18,3,0,0,0,0,1,1,2,0,1,0,0,0,0,20,25,0
/home/alison/jsoup-quality-analysis/work/jsoup/src/main/java/org/jsoup/parser/HtmlTreeBuilderState.java,org.jsoup.parser.HtmlTreeBuilderState$Anonymous23,anonymous,17,17,0,17,25,1,0,34,1,0.0,0.0,0.0,2,0,0,0,0,2,2,0,0,0,0,0,0,0,0,0,0,0,4,57,8,1,2,0,1,11,2,9,2,8,3,0,0,0,22,-1,2
/home/alison/jsoup-quality-analysis/work/jsoup/src/main/java/org/jsoup/nodes/NodeUtils.java,org.jsoup.nodes.NodeUtils,class,14,18,4,14,7,1,0,13,10,0.0,0.0,0.0,5,5,0,0,0,5,5,0,0,0,0,0,0,0,0,0,0,0,6,28,5,0,2,0,1,1,0,8,0,8,0,0,0,0,111,16,0
/home/alison/jsoup-quality-analysis/work/jsoup/src/main/java/org/jsoup/parser/HtmlTreeBuilderState.java,org.jsoup.parser.HtmlTreeBuilderState$Anonymous22,anonymous,4,4,0,4,9,1,0,12,0,0.0,NaN,NaN,1,0,0,0,0,1,1,0,0,0,0,0,0,0,0,0,0,0,1,20,4,0,0,0,1,2,0,0,0,0,1,0,0,0,11,-1,1
/home/alison/jsoup-quality-analysis/work/jsoup/src/main/java/org/jsoup/select/Evaluator.java,org.jsoup.select.Evaluator$Matches,innerclass,4,4,0,4,5,2,0,5,0,0.2,0.0,0.0,5,0,4,0,1,0,5,0,0,0,1,0,0,1,0,0,1,0,2,18,3,0,0,0,0,1,1,1,0,1,0,0,0,0,18,25,0
/home/alison/jsoup-quality-analysis/work/jsoup/src/main/java/org/jsoup/select/Evaluator.java,org.jsoup.select.Evaluator$IsOnlyChild,innerclass,3,3,0,3,3,2,0,3,1,0.0,0.0,0.0,2,0,2,0,0,0,2,0,0,0,0,0,0,0,0,0,0,0,0,9,2,0,1,0,1,1,0,1,0,1,0,0,0,0,12,25,0
/home/alison/jsoup-quality-analysis/work/jsoup/src/main/java/org/jsoup/Connection.java,org.jsoup.Connection$Method,enum,0,0,0,0,2,1,0,0,0,0.0,0.0,0.0,2,0,1,0,0,1,2,0,1,0,1,0,0,1,0,0,1,0,0,9,1,0,0,0,0,0,0,1,0,1,0,0,0,0,37,0,0
/home/alison/jsoup-quality-analysis/work/jsoup/src/main/java/org/jsoup/helper/HttpConnection.java,org.jsoup.helper.HttpConnection$Base,innerclass,9,9,0,9,38,1,0,30,89,0.7818183,0.0,0.0,22,0,18,4,0,0,19,0,0,0,5,1,0,1,0,4,1,0,20,142,24,5,3,1,0,18,1,21,0,13,2,0,0,0,61,1034,0
/home/alison/jsoup-quality-analysis/work/jsoup/src/main/java/org/jsoup/parser/TokenQueue.java,org.jsoup.parser.TokenQueue,class,5,9,4,5,106,1,0,52,65,0.8445378,0.0,0.0,34,9,23,10,0,1,24,0,0,0,7,6,0,7,0,0,7,0,36,301,32,8,30,1,0,5,12,43,2,34,4,0,0,0,259,1,0
/home/alison/jsoup-quality-analysis/work/jsoup/src/main/java/org/jsoup/parser/ParseSettings.java,org.jsoup.parser.ParseSettings,class,3,14,11,3,12,1,0,4,0,0.71875,0.0,0.0,8,1,5,0,0,3,9,0,0,0,4,2,2,2,0,0,4,0,3,41,5,0,0,0,0,0,0,8,0,4,1,0,0,0,49,1,0
/home/alison/jsoup-quality-analysis/work/jsoup/src/main/java/org/jsoup/select/NodeFilter.java,org.jsoup.select.NodeFilter,interface,3,7,4,3,3,1,0,1,3,0.0,0.0,0.0,3,0,0,0,0,3,3,0,0,0,0,0,0,0,0,0,0,0,1,15,1,0,0,0,0,0,0,0,0,0,0,0,1,0,86,1,0
/home/alison/jsoup-quality-analysis/work/jsoup/src/main/java/org/jsoup/parser/HtmlTreeBuilderState.java,org.jsoup.parser.HtmlTreeBuilderState$Anonymous21,anonymous,5,5,0,5,7,1,0,17,0,0.0,NaN,NaN,1,0,0,0,0,1,1,0,0,0,0,0,0,0,0,0,0,0,1,22,3,0,0,0,1,1,0,1,0,1,1,0,0,0,12,-1,1
/home/alison/jsoup-quality-analysis/work/jsoup/src/main/java/org/jsoup/parser/HtmlTreeBuilderState.java,org.jsoup.parser.HtmlTreeBuilderState$Anonymous20,anonymous,4,4,0,4,11,1,0,17,0,0.0,NaN,NaN,1,0,0,0,0,1,1,0,0,0,0,0,0,0,0,0,0,0,1,30,5,0,0,0,0,3,0,0,0,0,1,0,0,0,13,-1,2
/home/alison/jsoup-quality-analysis/work/jsoup/src/main/java/org/jsoup/select/Evaluator.java,org.jsoup.select.Evaluator$MatchesWholeOwnText,innerclass,4,4,0,4,5,2,0,5,0,0.2,0.0,0.0,5,0,4,0,1,0,5,0,0,0,1,0,0,1,0,0,1,0,2,19,3,0,0,0,0,1,1,2,0,2,0,0,0,0,20,25,0
/home/alison/jsoup-quality-analysis/work/jsoup/src/main/java/org/jsoup/parser/HtmlTreeBuilderState.java,org.jsoup.parser.HtmlTreeBuilderState$Anonymous12,anonymous,9,9,0,9,15,1,0,19,3,0.0,NaN,NaN,3,0,0,2,0,1,1,0,0,0,0,0,0,0,0,0,0,0,4,60,12,0,0,0,1,6,0,4,0,3,3,0,0,0,22,-1,4
/home/alison/jsoup-quality-analysis/work/jsoup/src/main/java/org/jsoup/parser/HtmlTreeBuilderState.java,org.jsoup.parser.HtmlTreeBuilderState$Anonymous11,anonymous,8,8,0,8,16,1,0,16,1,0.0,NaN,NaN,2,0,0,1,0,1,1,0,0,0,0,0,0,0,0,0,0,0,1,55,11,0,0,0,0,7,0,3,0,3,3,0,0,0,19,-1,3
/home/alison/jsoup-quality-analysis/work/jsoup/src/main/java/org/jsoup/parser/HtmlTreeBuilderState.java,org.jsoup.parser.HtmlTreeBuilderState$Anonymous14,anonymous,7,7,0,7,15,1,0,18,3,0.0,NaN,NaN,3,0,0,2,0,1,1,0,0,0,0,0,0,0,0,0,0,0,4,54,10,0,0,0,1,5,0,2,0,2,3,0,0,0,20,-1,5
/home/alison/jsoup-quality-analysis/work/jsoup/src/main/java/org/jsoup/internal/Functions.java,org.jsoup.internal.Functions,class,4,4,0,4,5,1,0,0,10,0.8,0.0,0.0,5,4,4,1,0,0,4,0,0,0,4,4,0,4,0,0,4,0,0,20,4,0,0,0,0,2,0,4,0,8,0,0,0,4,25,17,0
/home/alison/jsoup-quality-analysis/work/jsoup/src/main/java/org/jsoup/parser/HtmlTreeBuilderState.java,org.jsoup.parser.HtmlTreeBuilderState$Anonymous13,anonymous,8,8,0,8,15,1,0,17,1,0.0,NaN,NaN,2,0,0,1,0,1,1,0,0,0,0,0,0,0,0,0,0,0,4,77,14,0,0,0,0,5,0,4,0,4,3,0,0,0,21,-1,5
/home/alison/jsoup-quality-analysis/work/jsoup/src/main/java/org/jsoup/parser/HtmlTreeBuilderState.java,org.jsoup.parser.HtmlTreeBuilderState$Anonymous16,anonymous,4,4,0,4,6,1,0,12,0,0.0,NaN,NaN,1,0,0,0,0,1,1,0,0,0,0,0,0,0,0,0,0,0,2,22,4,0,0,0,1,2,0,0,0,0,2,0,0,0,10,-1,2
/home/alison/jsoup-quality-analysis/work/jsoup/src/main/java/org/jsoup/helper/W3CDom.java,org.jsoup.helper.W3CDom$W3CBuilder,innerclass,21,21,0,21,35,1,0,37,6,0.6875,0.0,0.0,8,1,3,5,0,0,3,0,0,0,6,1,0,6,0,0,3,0,3,101,5,2,7,2,0,8,2,29,3,25,4,0,0,0,108,12,0
/home/alison/jsoup-quality-analysis/work/jsoup/src/main/java/org/jsoup/parser/HtmlTreeBuilderState.java,org.jsoup.parser.HtmlTreeBuilderState$Anonymous15,anonymous,9,9,0,9,32,1,0,24,1,0.0,NaN,NaN,2,0,0,1,0,1,1,0,0,0,0,0,0,0,0,0,0,0,1,80,13,1,1,0,0,27,0,4,0,3,4,0,0,0,16,-1,8
/home/alison/jsoup-quality-analysis/work/jsoup/src/main/java/org/jsoup/parser/HtmlTreeBuilderState.java,org.jsoup.parser.HtmlTreeBuilderState$Anonymous18,anonymous,6,6,0,6,12,1,0,22,0,0.0,NaN,NaN,1,0,0,0,0,1,1,0,0,0,0,0,0,0,0,0,0,0,1,37,5,0,2,0,0,3,0,1,0,1,3,0,0,0,16,-1,3
/home/alison/jsoup-quality-analysis/work/jsoup/src/main/java/org/jsoup/parser/HtmlTreeBuilderState.java,org.jsoup.parser.HtmlTreeBuilderState$Anonymous17,anonymous,5,5,0,5,17,1,0,18,0,0.0,NaN,NaN,1,0,0,0,0,1,1,0,0,0,0,0,0,0,0,0,0,0,3,61,10,0,1,0,0,8,1,2,1,1,3,0,0,0,19,-1,2
/home/alison/jsoup-quality-analysis/work/jsoup/src/main/java/org/jsoup/parser/HtmlTreeBuilderState.java,org.jsoup.parser.HtmlTreeBuilderState$Anonymous19,anonymous,6,6,0,6,16,1,0,22,0,0.0,NaN,NaN,1,0,0,0,0,1,1,0,0,0,0,0,0,0,0,0,0,0,1,50,8,0,0,0,0,8,0,1,0,1,3,0,0,0,14,-1,5
/home/alison/jsoup-quality-analysis/work/jsoup/src/main/java/org/jsoup/select/Evaluator.java,org.jsoup.select.Evaluator$ContainsOwnText,innerclass,4,4,0,4,3,2,0,5,0,0.0,0.0,0.0,3,0,3,0,0,0,3,0,0,0,1,0,0,1,0,0,1,0,4,12,2,0,0,0,0,1,0,1,0,1,0,0,0,0,17,25,0
/home/alison/jsoup-quality-analysis/work/jsoup/src/main/java/org/jsoup/parser/TokeniserState.java,org.jsoup.parser.TokeniserState,enum,8,28,20,8,54,1,0,31,15,0.7142858,NaN,NaN,7,6,0,6,0,1,1,1,0,0,6,6,0,3,0,3,6,0,1,1480,4,1,9,0,0,8,5,32,0,22,4,69,0,0,143,0,2
/home/alison/jsoup-quality-analysis/work/jsoup/src/main/java/org/jsoup/select/Evaluator.java,org.jsoup.select.Evaluator$IndexLessThan,innerclass,2,2,0,2,5,3,0,2,3,0.0,0.0,0.0,3,0,3,0,0,0,3,0,0,0,0,0,0,0,0,0,0,0,1,11,2,0,1,0,0,1,0,0,0,0,0,0,0,0,17,25,0
/home/alison/jsoup-quality-analysis/work/jsoup/src/main/java/org/jsoup/parser/HtmlTagOptions.java,org.jsoup.parser.HtmlTagOptions,class,1,2,1,1,15,1,0,1,1,0.5,NaN,NaN,2,1,0,1,0,1,1,0,0,0,18,18,0,0,0,18,18,0,10,41,1,0,0,0,0,138,16,29,7,19,2,0,0,0,55,16,0
/home/alison/jsoup-quality-analysis/work/jsoup/src/main/java/org/jsoup/helper/RequestDispatch.java,org.jsoup.helper.RequestDispatch,class,6,7,1,6,9,1,0,9,0,0.0,0.0,0.0,1,1,0,0,0,1,2,0,0,0,1,1,0,0,0,1,0,0,3,28,3,0,4,2,0,2,0,6,0,4,2,0,0,0,45,0,0
/home/alison/jsoup-quality-analysis/work/jsoup/src/main/java/org/jsoup/nodes/Entities.java,org.jsoup.nodes.Entities$EscapeMode,enum,2,2,0,2,8,1,0,6,3,0.6666667,0.0,0.0,3,0,0,0,0,3,4,0,0,0,4,0,0,4,0,0,0,0,4,26,3,0,1,0,1,0,8,2,4,8,1,0,0,1,31,1,0
/home/alison/jsoup-quality-analysis/work/jsoup/src/main/java/org/jsoup/select/Evaluator.java,org.jsoup.select.Evaluator$MatchText,innerclass,6,6,0,6,7,2,0,10,6,0.75,0.0,0.0,4,0,3,0,1,0,4,0,0,0,1,1,0,1,0,0,0,0,1,25,4,1,0,0,0,3,1,4,0,3,1,0,0,0,35,25,0
/home/alison/jsoup-quality-analysis/work/jsoup/src/main/java/org/jsoup/parser/HtmlTreeBuilderState.java,org.jsoup.parser.HtmlTreeBuilderState$Anonymous10,anonymous,6,6,0,6,13,1,0,17,0,0.0,NaN,NaN,1,0,0,0,0,1,1,0,0,0,0,0,0,0,0,0,0,0,2,37,5,0,0,0,1,8,0,0,0,0,3,0,0,0,12,-1,5
/home/alison/jsoup-quality-analysis/work/jsoup/src/main/java/org/jsoup/safety/Cleaner.java,org.jsoup.safety.Cleaner$ElementMeta,innerclass,1,1,0,1,1,1,0,0,0,0.0,NaN,NaN,1,0,0,0,0,1,1,0,0,0,2,0,0,0,0,2,0,0,0,8,0,0,0,0,0,0,0,2,0,2,0,0,0,0,6,10,0
/home/alison/jsoup-quality-analysis/work/jsoup/src/main/java/org/jsoup/select/Evaluator.java,org.jsoup.select.Evaluator,class,9,60,51,9,12,59,61,4,36,0.0,0.0,0.0,9,0,2,0,3,4,9,1,1,0,0,0,0,0,0,0,0,0,0,629,8,0,0,0,0,0,1,0,0,2,1,0,42,2,94,1025,0
/home/alison/jsoup-quality-analysis/work/jsoup/src/main/java/org/jsoup/internal/ControllableInputStream.java,org.jsoup.internal.ControllableInputStream$ProgressState,innerclass,2,2,0,2,2,1,0,1,0,0.0,0.0,0.0,2,0,0,0,0,2,2,0,0,0,2,0,0,2,0,0,2,0,0,11,0,0,0,0,0,0,0,2,0,2,0,0,0,0,7,10,0
/home/alison/jsoup-quality-analysis/work/jsoup/src/main/java/org/jsoup/Connection.java,org.jsoup.Connection,interface,11,19,8,11,43,1,0,3,903,0.0,0.0,0.0,43,0,0,0,0,43,43,0,0,0,0,0,0,0,0,0,0,0,0,158,2,0,0,0,0,1,0,0,0,0,0,0,5,0,463,1,0
/home/alison/jsoup-quality-analysis/work/jsoup/src/main/java/org/jsoup/internal/SoftPool.java,org.jsoup.internal.SoftPool,class,2,9,7,2,7,1,0,10,2,0.5833333,0.0,0.0,4,0,3,0,0,1,4,0,0,0,3,1,0,1,0,2,3,0,1,30,3,0,1,0,0,0,1,7,0,6,1,0,0,1,97,1,0
/home/alison/jsoup-quality-analysis/work/jsoup/src/main/java/org/jsoup/select/Evaluator.java,org.jsoup.select.Evaluator$IsRoot,innerclass,3,3,0,3,5,2,0,1,3,0.0,0.0,0.0,3,0,2,0,1,0,3,0,0,0,0,0,0,0,0,0,0,0,0,12,3,0,1,0,0,1,1,1,0,1,0,0,0,0,19,25,0
/home/alison/jsoup-quality-analysis/work/jsoup/src/main/java/org/jsoup/select/Nodes.java,org.jsoup.select.Nodes,class,6,11,5,6,40,4,0,34,325,0.0,0.0,0.0,26,0,26,0,0,0,26,0,0,0,0,0,0,0,0,0,0,0,4,129,19,9,1,0,0,2,4,15,1,12,2,0,0,0,172,1,0
/home/alison/jsoup-quality-analysis/work/jsoup/src/main/java/org/jsoup/nodes/CDataNode.java,org.jsoup.nodes.CDataNode,class,4,9,5,4,5,4,0,3,10,0.0,0.0,0.0,5,0,4,0,0,1,5,0,0,0,0,0,0,0,0,0,0,0,0,17,3,0,0,0,0,3,0,0,0,0,0,0,0,0,30,1,0
/home/alison/jsoup-quality-analysis/work/jsoup/src/main/java/org/jsoup/select/Evaluator.java,org.jsoup.select.Evaluator$IsLastChild,innerclass,3,3,0,3,4,2,0,2,1,0.0,0.0,0.0,2,0,2,0,0,0,2,0,0,0,0,0,0,0,0,0,0,0,0,9,2,0,2,0,1,1,0,1,0,1,0,0,0,0,18,25,0
/home/alison/jsoup-quality-analysis/work/jsoup/src/main/java/org/jsoup/select/Evaluator.java,org.jsoup.select.Evaluator$IsNthLastChild,innerclass,2,2,0,2,4,3,0,3,3,0.0,0.0,0.0,3,0,1,0,2,0,3,0,0,0,0,0,0,0,0,0,0,0,0,12,3,0,1,0,0,1,1,0,1,0,1,0,0,0,21,25,0
/home/alison/jsoup-quality-analysis/work/jsoup/src/main/java/org/jsoup/helper/RequestAuthenticator.java,org.jsoup.helper.RequestAuthenticator,interface,2,9,7,2,1,1,0,0,0,0.0,NaN,NaN,1,0,0,0,0,1,1,0,0,0,0,0,0,0,0,0,0,0,0,31,0,0,0,0,0,0,0,0,0,0,0,0,1,0,42,1,0
/home/alison/jsoup-quality-analysis/work/jsoup/src/main/java/org/jsoup/parser/Token.java,org.jsoup.parser.Token$TokenType,enum,0,0,0,0,0,1,0,0,0,0.0,-1.0,-1.0,0,0,0,0,0,0,0,0,0,0,0,0,0,0,0,0,0,0,0,1,0,0,0,0,0,0,0,0,0,0,0,0,0,0,6,1,0
/home/alison/jsoup-quality-analysis/work/jsoup/src/main/java/org/jsoup/nodes/Attribute.java,org.jsoup.nodes.Attribute,class,11,25,14,11,84,1,0,45,0,0.74444443,0.0,0.0,30,10,19,2,6,3,28,0,1,0,6,3,0,5,0,1,3,0,33,170,36,2,31,1,12,37,13,32,2,21,2,0,0,0,188,1,0
/home/alison/jsoup-quality-analysis/work/jsoup/src/main/java/org/jsoup/nodes/Range.java,org.jsoup.nodes.Range$AttributeRange,innerclass,4,4,0,4,25,1,0,10,0,0.44444442,0.0,0.0,9,0,7,2,0,0,7,0,0,0,3,1,0,2,0,1,3,0,4,67,11,0,8,0,0,1,16,27,6,9,1,0,0,0,83,9,0
/home/alison/jsoup-quality-analysis/work/jsoup/src/main/java/org/jsoup/helper/Re2jRegex.java,org.jsoup.helper.Re2jRegex$Re2jMatcher,innerclass,3,3,0,3,3,1,0,1,0,0.0,0.0,0.0,2,0,1,0,0,1,2,0,0,0,1,0,0,1,0,0,1,0,0,14,1,0,0,1,0,0,0,1,0,1,1,0,0,0,12,26,0
/home/alison/jsoup-quality-analysis/work/jsoup/src/main/java/org/jsoup/internal/LineMap.java,org.jsoup.internal.LineMap,class,2,9,7,2,18,1,0,4,1,0.6857143,0.0,0.0,7,0,5,2,0,0,5,0,0,0,5,3,0,5,0,0,3,0,3,38,6,0,5,0,0,0,19,12,8,9,1,0,0,0,62,17,0
