release,date,classes,loc_total,wmc_mean,wmc_median,wmc_std,wmc_min,wmc_max,dit_mean,dit_median,dit_std,dit_min,dit_max,noc_mean,noc_median,noc_std,noc_min,noc_max,cbo_mean,cbo_median,cbo_std,cbo_min,cbo_max,lcom_mean,lcom_median,lcom_std,lcom_min,lcom_max,rfc_mean,rfc_median,rfc_std,rfc_min,rfc_max,loc_mean,loc_median,loc_std,loc_min,loc_max
jsoup-1.10.2,2017-01-02,229,14517,14.000,5.000,26.189,0,179,1.943,1.000,3.679,1,53,0.371,0.000,3.362,0,48,4.502,3.000,5.479,0,49,53.301,0.000,344.850,0,4146,10.930,5.000,18.266,0,143,63.393,21.000,161.760,1,1506
jsoup-1.10.3,2017-06-11,232,14654,13.983,5.000,26.427,0,187,1.978,1.000,3.669,1,53,0.366,0.000,3.341,0,48,4.552,3.000,5.547,0,50,55.000,0.000,359.670,0,4426,10.871,5.000,18.310,0,145,63.164,20.500,161.374,1,1506
jsoup-1.11.1,2017-11-04,240,15269,14.196,5.000,26.981,0,203,1.975,1.000,3.615,1,53,0.358,0.000,3.280,0,48,4.554,3.000,5.601,0,50,59.525,0.000,388.739,0,4961,10.846,5.000,18.700,0,150,63.621,20.000,162.083,1,1503
jsoup-1.11.2,2017-11-19,244,15385,14.086,5.000,26.978,0,207,1.975,1.000,3.646,1,54,0.365,0.000,3.377,0,50,4.561,3.000,5.594,0,51,59.107,0.000,391.177,0,5067,10.787,5.000,18.593,0,150,63.053,20.000,161.414,1,1503
jsoup-1.11.3,2018-04-15,246,15504,14.102,5.000,27.109,0,209,2.000,1.000,3.656,1,54,0.366,0.000,3.363,0,50,4.569,3.000,5.654,0,51,58.939,0.000,387.853,0,5067,10.752,5.000,18.623,0,151,63.024,20.000,161.556,1,1500
jsoup-1.12.1,2019-05-12,244,15500,14.258,5.000,27.337,0,212,2.008,1.000,3.669,1,54,0.369,0.000,3.377,0,50,4.693,3.000,5.707,0,51,59.369,0.000,398.093,0,5288,10.951,5.000,18.673,0,146,63.525,20.000,161.598,1,1504
jsoup-1.12.2,2020-02-08,244,15729,14.533,5.000,27.891,0,220,2.008,1.000,3.669,1,54,0.369,0.000,3.377,0,50,4.734,3.000,5.795,0,51,63.533,0.000,443.152,0,6098,11.197,5.000,19.187,0,155,64.463,20.000,162.883,1,1506
jsoup-1.13.1,2020-02-29,242,15855,14.938,5.000,29.291,0,234,2.012,1.000,3.684,1,54,0.368,0.000,3.390,0,50,4.818,3.000,5.834,0,51,67.310,0.000,481.674,0,6699,11.496,5.500,19.727,0,164,65.517,21.000,164.422,1,1508
jsoup-1.14.1,2021-07-10,246,16411,15.264,5.000,30.243,0,248,2.000,1.000,3.656,1,54,0.366,0.000,3.363,0,50,4.976,3.000,6.067,0,51,71.297,0.000,511.556,0,7159,11.780,5.500,20.219,0,167,66.711,22.000,167.009,1,1521
jsoup-1.14.2,2021-08-15,246,16584,15.415,5.000,30.691,0,248,2.000,1.000,3.656,1,54,0.366,0.000,3.363,0,50,4.972,3.000,6.072,0,51,71.691,0.000,511.930,0,7159,11.846,5.500,20.353,0,167,67.415,22.000,168.549,1,1541
jsoup-1.14.3,2021-09-30,247,17083,15.895,6.000,32.295,0,250,1.996,1.000,3.649,1,54,0.364,0.000,3.356,0,50,5.032,3.000,6.071,0,51,75.287,0.000,538.467,0,7412,12.194,6.000,20.862,0,169,69.162,22.000,173.971,1,1655
jsoup-1.15.1,2022-05-15,250,17207,15.884,5.500,32.975,0,259,2.012,1.000,3.858,1,58,0.388,0.000,3.818,0,58,5.012,3.000,6.240,0,55,76.884,0.000,575.155,0,8127,12.116,5.000,21.125,0,174,68.828,22.000,174.044,1,1650
jsoup-1.15.2,2022-07-04,252,17509,16.079,6.000,33.469,0,269,2.004,1.000,3.844,1,58,0.385,0.000,3.803,0,58,5.028,3.000,6.302,0,55,80.385,0.000,609.546,0,8669,12.202,5.000,21.320,0,176,69.480,22.000,174.470,1,1647
jsoup-1.15.3,2022-08-24,253,17547,16.079,6.000,33.460,0,270,2.016,1.000,3.841,1,58,0.383,0.000,3.795,0,58,5.024,3.000,6.297,0,55,80.300,0.000,608.380,0,8669,12.237,5.000,21.358,0,176,69.356,22.000,174.170,1,1647
jsoup-1.15.4,2023-02-18,252,17579,16.171,6.000,33.439,0,263,2.020,1.000,3.848,1,58,0.385,0.000,3.803,0,58,5.036,3.000,6.438,0,56,81.587,0.000,605.320,0,8528,12.365,5.500,21.660,0,180,69.758,22.000,174.729,1,1647
jsoup-1.16.1,2023-04-29,253,17661,16.241,6.000,33.799,0,264,2.016,1.000,3.841,1,58,0.383,0.000,3.795,0,58,5.051,3.000,6.442,0,56,82.585,0.000,611.064,0,8528,12.364,6.000,21.457,0,180,69.806,22.000,174.333,1,1657
jsoup-1.16.2,2023-10-20,252,18155,16.766,6.000,34.960,0,269,2.032,1.000,3.864,1,58,0.393,0.000,3.924,0,60,5.115,3.000,6.476,0,56,86.714,0.000,646.087,0,8946,12.726,6.000,21.929,0,188,72.044,23.000,178.638,1,1717
jsoup-1.17.1,2023-11-27,261,18703,16.747,6.000,34.643,0,268,2.023,1.000,3.831,1,58,0.387,0.000,3.881,0,60,5.046,3.000,6.373,0,57,86.483,0.000,638.401,0,9086,12.732,6.000,22.160,0,194,71.659,23.000,176.873,1,1722
jsoup-1.17.2,2023-12-29,261,18743,16.778,6.000,34.649,0,268,2.023,1.000,3.831,1,58,0.387,0.000,3.881,0,60,5.077,3.000,6.432,0,57,87.782,0.000,656.144,0,9412,12.812,6.000,22.481,0,201,71.812,23.000,177.177,1,1727
jsoup-1.18.1,2024-07-10,265,19083,16.834,6.000,34.640,0,267,1.989,1.000,3.828,1,59,0.381,0.000,3.945,0,62,5.155,3.000,6.493,0,58,88.396,0.000,653.474,0,9412,12.891,6.000,22.758,0,203,72.011,23.000,176.669,1,1727
jsoup-1.18.2,2024-11-27,266,19247,17.034,6.000,34.478,0,266,1.992,1.000,3.821,1,59,0.380,0.000,3.938,0,62,5.229,3.000,6.490,0,58,88.609,0.000,652.324,0,9412,13.026,6.000,22.686,0,203,72.357,23.000,176.289,1,1733
jsoup-1.18.3,2024-12-02,266,19247,17.049,6.000,34.503,0,266,1.992,1.000,3.821,1,59,0.380,0.000,3.938,0,62,5.229,3.000,6.490,0,58,88.609,0.000,652.324,0,9412,13.026,6.000,22.686,0,203,72.357,23.000,176.289,1,1733
jsoup-1.19.1,2025-03-04,270,19483,17.078,6.000,34.336,0,270,1.981,1.000,3.812,1,59,0.378,0.000,3.909,0,62,5.289,3.000,6.551,0,58,90.459,0.000,680.233,0,9994,13.059,6.000,22.032,0,207,72.159,23.000,175.593,1,1744
jsoup-1.20.1,2025-04-29,275,19895,17.255,6.000,33.744,0,263,1.978,1.000,3.775,1,59,0.378,0.000,3.874,0,62,5.436,3.000,6.656,0,57,93.487,0.000,676.382,0,9978,13.225,6.000,22.253,0,204,72.345,23.000,173.730,1,1733
jsoup-1.21.1,2025-06-23,285,20400,17.053,7.000,33.242,0,265,2.032,1.000,3.757,1,59,0.411,0.000,3.806,0,61,5.533,3.000,6.869,0,67,93.179,0.000,708.011,0,10879,13.140,6.000,22.316,0,215,71.579,23.000,171.816,1,1744
jsoup-1.21.2,2025-08-25,285,20521,17.207,7.000,33.770,0,278,2.032,1.000,3.757,1,59,0.411,0.000,3.806,0,61,5.537,3.000,6.873,0,67,93.951,0.000,716.100,0,11056,13.161,6.000,22.327,0,214,72.004,23.000,172.928,1,1751
jsoup-1.22.1,2026-01-01,290,20768,17.148,6.000,33.721,0,278,2.017,1.000,3.726,1,59,0.407,0.000,3.773,0,61,5.524,3.500,6.871,0,68,93.683,0.000,713.311,0,11056,13.145,6.000,22.310,0,212,71.614,23.000,171.522,1,1732
jsoup-1.22.2,2026-04-20,291,20997,17.299,6.000,33.790,0,278,2.014,1.000,3.720,1,59,0.405,0.000,3.767,0,61,5.522,3.000,6.865,0,68,93.742,0.000,712.112,0,11056,13.196,6.000,22.369,0,212,72.155,23.000,174.095,1,1732
jsoup-1.23.1,2026-07-30,297,21830,17.734,7.000,35.384,0,303,1.993,1.000,3.685,1,59,0.397,0.000,3.729,0,61,5.535,3.000,6.880,0,68,96.229,0.000,753.677,0,11781,13.242,6.000,22.994,0,216,73.502,23.000,175.243,1,1704
jsoup-1.23.2,2026-08-26,299,22125,18.023,6.000,35.759,0,304,1.987,1.000,3.674,1,59,0.395,0.000,3.716,0,61,5.522,3.000,6.908,0,68,99.227,0.000,760.614,0,11781,13.428,6.000,23.446,0,216,73.997,23.000,174.384,1,1709
