release,date,total,security,general,error,warning,note
jsoup-1.10.2,2017-01-02,272,1,271,0,272,0
jsoup-1.10.3,2017-06-11,275,1,274,0,275,0
jsoup-1.11.1,2017-11-04,284,1,283,0,284,0
jsoup-1.11.2,2017-11-19,288,1,287,0,288,0
jsoup-1.11.3,2018-04-15,290,1,289,0,290,0
jsoup-1.12.1,2019-05-12,280,0,280,0,280,0
jsoup-1.12.2,2020-02-08,276,0,276,0,276,0
jsoup-1.13.1,2020-02-29,265,0,265,0,265,0
jsoup-1.14.1,2021-07-10,257,0,257,0,257,0
jsoup-1.14.2,2021-08-15,257,0,257,0,257,0
jsoup-1.14.3,2021-09-30,257,0,257,0,257,0
jsoup-1.15.1,2022-05-15,245,0,245,0,245,0
jsoup-1.15.2,2022-07-04,246,0,246,0,246,0
jsoup-1.15.3,2022-08-24,246,0,246,0,246,0
jsoup-1.15.4,2023-02-18,237,0,237,0,237,0
jsoup-1.16.1,2023-04-29,150,0,150,0,150,0
jsoup-1.16.2,2023-10-20,151,0,151,0,151,0
jsoup-1.17.1,2023-11-27,56,0,56,0,56,0
jsoup-1.17.2,2023-12-29,55,0,55,0,55,0
jsoup-1.18.1,2024-07-10,50,0,50,0,50,0
jsoup-1.18.2,2024-11-27,40,0,40,0,40,0
jsoup-1.18.3,2024-12-02,40,0,40,0,40,0
jsoup-1.19.1,2025-03-04,37,0,37,0,37,0
jsoup-1.20.1,2025-04-29,36,1,35,0,36,0
jsoup-1.21.1,2025-06-23,35,1,34,0,35,0
jsoup-1.21.2,2025-08-25,36,1,35,0,36,0
jsoup-1.22.1,2026-01-01,35,1,34,0,35,0
jsoup-1.22.2,2026-04-20,35,1,34,0,35,0
jsoup-1.23.1,2026-07-30,37,1,36,0,37,0
jsoup-1.23.2,2026-08-26,38,1,37,0,38,0
