rule,jsoup-1.10.2,jsoup-1.10.3,jsoup-1.11.1,jsoup-1.11.2,jsoup-1.11.3,jsoup-1.12.1,jsoup-1.12.2,jsoup-1.13.1,jsoup-1.14.1,jsoup-1.14.2,jsoup-1.14.3,jsoup-1.15.1,jsoup-1.15.2,jsoup-1.15.3,jsoup-1.15.4,jsoup-1.16.1,jsoup-1.16.2,jsoup-1.17.1,jsoup-1.17.2,jsoup-1.18.1,jsoup-1.18.2,jsoup-1.18.3,jsoup-1.19.1,jsoup-1.20.1,jsoup-1.21.1,jsoup-1.21.2,jsoup-1.22.1,jsoup-1.22.2,jsoup-1.23.1,jsoup-1.23.2,variacao
java/missing-override-annotation,237,238,233,235,238,232,232,230,231,231,232,221,221,221,210,126,126,23,22,21,6,6,1,1,0,0,0,0,0,0,-237
java/dereferenced-value-may-be-null,4,4,5,5,5,4,4,4,0,0,0,0,0,0,0,0,0,0,0,0,0,0,0,0,0,0,0,0,0,0,-4
java/missing-clone-method,4,4,4,4,4,4,2,2,2,2,2,1,1,1,1,1,1,1,1,1,1,1,1,0,0,1,1,1,1,1,-3
java/inefficient-empty-string-test,2,2,2,2,2,2,2,2,0,0,0,0,0,0,0,0,0,0,0,0,0,0,0,0,0,0,0,0,0,0,-2
java/non-static-nested-class,2,2,1,1,1,1,0,0,0,0,0,0,0,0,0,0,0,0,0,0,0,0,0,0,0,0,0,0,0,0,-2
java/local-variable-is-never-read,1,1,1,1,1,1,2,2,0,0,0,0,0,0,0,0,0,0,0,0,0,0,0,0,0,0,0,0,0,0,-1
java/index-out-of-bounds,1,1,1,1,1,0,0,0,0,0,0,0,0,0,0,0,0,0,0,0,0,0,0,0,0,0,0,0,0,0,-1
java/inconsistent-equals-and-hashcode,1,1,1,1,1,1,1,1,1,1,0,0,0,0,0,0,0,0,0,0,0,0,0,0,0,0,0,0,0,0,-1
java/non-null-boxed-variable,1,3,3,3,3,3,0,0,0,0,0,0,0,0,0,0,0,0,0,0,0,0,0,0,0,0,0,0,0,0,-1
java/insecure-trustmanager,1,1,1,1,1,0,0,0,0,0,0,0,0,0,0,0,0,0,0,0,0,0,0,0,0,0,0,0,0,0,-1
java/reference-equality-on-strings,1,1,1,1,1,1,1,0,0,0,0,0,0,0,0,0,0,0,0,0,0,0,0,0,0,0,0,0,0,0,-1
java/non-short-circuit-evaluation,1,1,1,1,1,1,1,1,0,0,0,0,0,0,0,0,0,0,0,0,0,0,0,0,0,0,0,0,0,0,-1
java/input-resource-leak,0,0,0,0,0,0,0,0,0,0,0,0,0,0,0,0,0,0,0,1,1,1,1,1,0,0,0,0,0,0,0
java/missing-call-to-super-clone,1,1,1,1,1,1,1,1,1,1,1,1,1,1,1,1,1,1,1,1,1,1,1,1,1,1,1,1,1,1,0
java/class-name-matches-super-class,3,3,3,3,3,3,3,3,3,3,3,3,3,3,3,3,4,4,4,4,4,4,3,3,3,3,3,3,3,3,0
java/constant-loop-condition,1,1,1,1,1,1,1,1,1,1,1,1,1,1,1,1,1,1,1,1,1,1,1,1,1,1,1,1,1,1,0
java/uncaught-number-format-exception,7,7,7,7,7,7,7,7,7,7,7,7,7,7,7,7,7,7,7,7,7,7,7,7,7,7,7,7,7,7,0
java/missing-case-in-switch,0,0,0,0,0,0,0,0,0,0,0,0,1,1,1,1,1,1,1,1,0,0,0,0,0,0,0,0,0,0,0
java/chained-type-tests,0,0,0,0,0,0,0,0,0,0,0,0,0,0,0,0,0,0,0,0,0,0,0,0,0,0,0,0,0,1,1
java/internal-representation-exposure,2,2,2,2,2,3,3,3,3,3,3,4,4,4,4,3,3,3,3,3,3,3,3,3,3,3,3,3,3,3,1
java/unreleased-lock,0,0,0,0,0,0,0,0,0,0,0,0,0,0,0,0,0,0,0,0,0,0,0,1,1,1,1,1,1,1,1
java/non-sync-override,0,0,2,2,2,2,2,2,2,2,2,2,2,2,2,2,2,4,4,2,4,4,4,4,4,4,2,2,2,2,2
java/deprecated-call,0,0,0,2,2,0,0,0,0,0,0,0,0,0,0,0,0,0,0,0,0,0,0,0,0,0,0,0,2,2,2
java/ignored-error-status-of-call,0,0,1,1,0,0,0,0,0,0,0,0,0,0,0,0,0,0,0,0,2,2,2,2,2,2,2,2,2,2,2
java/confusing-method-signature,0,0,0,0,0,0,0,0,0,0,0,0,0,0,2,0,0,0,0,0,0,0,2,2,4,4,4,4,4,4,4
java/unused-parameter,2,2,13,13,13,13,14,6,6,6,6,5,5,5,5,5,5,11,11,8,10,10,11,10,9,9,10,10,10,10,8
